Name,Born,Died,Age,Age at Death,Gender,Marital Status,Category,Class,Group,Ticket,Cabin,Embarked,Disembarked
Brewer B.,1888,,24,,Male,,Crew,Engine,Deserted,,,Southampton,Southampton
Coffey John,1889,1957,23,68,Male,Married,Crew,Engine,Deserted,,,Southampton,Queenstown
Holden Frank,1883,,29,,Male,,Crew,Engine,Deserted,,,Southampton,Southampton
Penney Alfred,1884,,28,,Male,,Crew,Engine,Deserted,,,Southampton,Southampton
Shaw James,1872,,40,,Male,,Crew,Engine,Deserted,,,Southampton,Southampton
Slade Alfred Edward,1887,1965,25,78,Male,,Crew,Engine,Deserted,,,Southampton,Southampton
Slade Bertram,1884,1943,28,59,Male,,Crew,Engine,Deserted,,,Southampton,Southampton
Slade Thomas,1883,1933,28,49,Male,,Crew,Engine,Deserted,,,Southampton,Southampton
Dawes W. W.,1874,,38,,Male,,Crew,Victualling,Discharged Crew,,,Southampton,Southampton
Ettlinger Peter,1881,1962,31,81,Male,,Crew,Victualling,Discharged Crew,,,Southampton,Southampton
Blake C.,1876,,36,,Male,,Crew,Engine,Failed to Join Ship,,,Southampton,Southampton
Bowman F. T.,1874,,38,,Male,,Crew,Victualling,Failed to Join Ship,,,Southampton,Southampton
Carter F.,1885,,27,,Male,,Crew,Engine,Failed to Join Ship,,,Southampton,Southampton
Dawkins P.,1888,,24,,Male,,Crew,Victualling,Failed to Join Ship,,,Southampton,Southampton
Di Napoli E.,1888,,24,,Male,,Crew,A la Carte,Failed to Join Ship,,,Southampton,Southampton
Fish B.,1874,,38,,Male,,Crew,Victualling,Failed to Join Ship,,,Southampton,Southampton
Fisher R.,1888,,24,,Male,,Crew,Victualling,Failed to Join Ship,,,Southampton,Southampton
Manly A.,1889,,23,,Male,,Crew,Victualling,Failed to Join Ship,,,Southampton,Southampton
Mewe W. J.,1877,,35,,Male,,Crew,Victualling,Failed to Join Ship,,,Southampton,Southampton
Kilford P.,1883,,29,,Male,,Crew,Victualling,Left Ship Sick,,,Southampton,Southampton
Burrows W.,1883,,29,,Male,,Crew,Engine,Left with Consent,,,Southampton,Southampton
Sims W.,1882,,30,,Male,,Crew,Engine,Left with Consent,,,Southampton,Southampton
Gwinn William Logan,1875,1912,37,37,Male,Married,Crew,Victualling,Postal Clerk,,,Southampton,
March John Starr,1861,1912,50,50,Male,Widowed,Crew,Victualling,Postal Clerk,,,Southampton,
Smith John Richard Jago,1877,1912,35,35,Male,Engaged,Crew,Victualling,Postal Clerk,,,Southampton,
Williamson James Bertram,1876,1912,35,35,Male,Single,Crew,Victualling,Postal Clerk,,,Southampton,
Woody Oscar Scott,1871,1912,41,41,Male,Married,Crew,Victualling,Postal Clerk,,,Southampton,
Black D.,1871,1912,41,41,Male,Single,Crew,Engine,Substitute Crew,,,Southampton,
Brown Joseph,1882,1912,30,30,Male,Married,Crew,Engine,Substitute Crew,,,Southampton,
Cotton Alfred,1876,1912,35,35,Male,Married,Crew,Engine,Substitute Crew,,,Southampton,
Dickson William,1875,1912,37,37,Male,Married,Crew,Engine,Substitute Crew,,,Southampton,
Dodds Henry Watson,1885,1912,26,26,Male,Engaged,Crew,Engine,Substitute Crew,,,Southampton,
Geer Alfred Emest,1886,1912,26,26,Male,Married,Crew,Engine,Substitute Crew,,,Southampton,
Gordon John,1882,1912,30,30,Male,Married,Crew,Engine,Substitute Crew,,,Southampton,
Hosgood Richard William,1889,1912,22,22,Male,Married,Crew,Engine,Substitute Crew,,,Southampton,
Kinsella Louis,1881,1912,30,30,Male,Married,Crew,Engine,Substitute Crew,,,Southampton,
Lloyd William,1883,1912,29,29,Male,Single,Crew,Engine,Substitute Crew,,,Southampton,
Locke Albert George,1879,1912,33,33,Male,,Crew,Victualling,Substitute Crew,,,Southampton,
O'Connor John,1882,1933,29,51,Male,Single,Crew,Engine,Substitute Crew,,,Southampton,New York City
Steel Robert Edward,1882,1912,30,30,Male,Single,Crew,Engine,Substitute Crew,,,Southampton,
Windebank Alfred Edgar,1873,1961,38,87,Male,Single,Crew,Victualling,Substitute Crew,,,Southampton,New York City
Witt Henry Dennis,1874,1912,37,37,Male,Single,Crew,Engine,Substitute Crew,,,Southampton,
Boxhall Joseph Groves,1884,1967,28,83,Male,Married,Crew,Deck,Titanic Officers,,,Belfast,New York City
Haddock Herbert James,1861,1946,51,85,Male,Married,Crew,Deck,Titanic Officers,,,Belfast,Belfast
Lightoller Charles Herbert,1874,1952,38,78,Male,Married,Crew,Deck,Titanic Officers,,,Belfast,New York City
Lowe Harold Godfrey,1882,1944,29,61,Male,Single,Crew,Deck,Titanic Officers,,,Belfast,New York City
Moody James Paul,1887,1912,24,24,Male,Single,Crew,Deck,Titanic Officers,,,Belfast,
Murdoch William McMaster,1873,1912,39,39,Male,Married,Crew,Deck,Titanic Officers,,,Belfast,
Pitman Herbert John,1877,1961,34,84,Male,Married,Crew,Deck,Titanic Officers,,,Belfast,New York City
Smith Edward John,1850,1912,62,62,Male,Married,Crew,Deck,Titanic Officers,,,Southampton,
Wilde Henry Tingle,1872,1912,39,39,Male,Widowed,Crew,Deck,Titanic Officers,,,Southampton,
Blair David,1874,1955,37,80,Male,Married,Crew,Deck,Transferred,,,Belfast,Southampton
Haveling A.,1886,,26,,Male,,Crew,Engine,Transferred,,,Southampton,Southampton
Abbott Ernest Owen,1891,1912,21,21,Male,Single,Crew,Victualling,,,,Southampton,
Abrams William Thomas,1878,1912,34,34,Male,Married,Crew,Engine,,,,Southampton,
Adams Robert John,1885,1912,26,26,Male,Single,Crew,Engine,,,,Southampton,
Ahier Percy Snowden,1892,1912,20,20,Male,Single,Crew,Victualling,,,,Southampton,
Akerman Albert Edward,1880,1912,31,31,Male,Single,Crew,Victualling,,,,Southampton,
Akerman Joseph Francis,1874,1912,37,37,Male,Married,Crew,Victualling,,,,Southampton,
Allaria Battista Antonio,1889,1912,22,22,Male,Single,Crew,A la Carte,,,,Southampton,
Allen Ernest Frederick,1888,1968,24,80,Male,Single,Crew,Engine,,,,Southampton,New York City
Allen George,1886,1912,26,26,Male,Married,Crew,Victualling,,,,Southampton,
Allen Henry,1882,1912,30,30,Male,Married,Crew,Engine,,,,Southampton,
Allen Robert Spencer,1876,1912,35,35,Male,Married,Crew,Victualling,,,,Southampton,
Allsop Alfred Samuel,1876,1912,36,36,Male,Married,Crew,Engine,,,,Belfast,
Allsop Frank Richard,1868,1912,43,43,Male,Married,Crew,Victualling,,,,Belfast,
Anderson John,1870,,42,,Male,Single,Crew,Deck,,,,Southampton,New York City
Anderson Walter Yuill,1861,1912,50,50,Male,Single,Crew,Victualling,,,,Southampton,
Andrews Archibald,1872,,40,,Male,,Crew,Engine,,,,Belfast,Southampton
Andrews Charles Edward,1893,1961,19,67,Male,Single,Crew,Victualling,,,,Southampton,New York City
Archer Ernest Edward,1876,1917,35,41,Male,Married,Crew,Deck,,,,Southampton,New York City
Armstrong James,1881,,31,,Male,,Crew,Engine,,,,Belfast,Southampton
Ashcroft Austin Aloysius,1885,1912,26,26,Male,Single,Crew,Victualling,,,,Southampton,
Ashe Henry Wellesley,1871,1912,41,41,Male,Married,Crew,Victualling,,,,Southampton,
Aspeslagh Georges,1885,1912,26,26,Male,Single,Crew,A la Carte,,,,Southampton,
Auld James,1880,,32,,Male,,Crew,Engine,,,,Belfast,Southampton
Avery James Albert,1891,1915,20,24,Male,Single,Crew,Engine,,,,Southampton,New York City
Ayling Edwin George,1889,1912,23,23,Male,Married,Crew,Victualling,,,,Southampton,
Back Charles Frederick,1875,1912,37,37,Male,Married,Crew,Victualling,,,,Belfast,
Baggott Allen Marden,1884,1921,28,36,Male,Married,Crew,Victualling,,,,Southampton,New York City
Bagley Edward Henry,1879,1912,33,33,Male,Married,Crew,Victualling,,,,Southampton,
Bailey George,1868,1912,44,44,Male,Single,Crew,Victualling,,,,Belfast,
Bailey George Frank,1866,1912,46,46,Male,Married,Crew,Engine,,,,Southampton,
Bailey Henry Joseph,1865,1943,46,77,Male,Married,Crew,Deck,,,,Southampton,New York City
Bailey William,1882,,30,,Male,,Crew,Engine,,,,Belfast,Southampton
Bain David,1859,,52,,Male,Married,Crew,Engine,,,,Belfast,Southampton
Baines Richard,1854,1912,58,58,Male,Single,Crew,Engine,,,,Southampton,
Baker John,1880,1933,32,52,Male,Married,Crew,Engine,,,,Belfast,Southampton
Ball Percy,1894,1933,18,39,Male,Single,Crew,Victualling,,,,Southampton,New York City
Banfi Ugo,1887,1912,24,24,Male,Single,Crew,A la Carte,,,,Southampton,
Bannon John Joseph,1877,1912,34,34,Male,Married,Crew,Engine,,,,Southampton,
Barker Albert Vale,1893,1912,19,19,Male,Single,Crew,Victualling,,,,Southampton,
Barker Ernest Thomas,1871,1912,40,40,Male,Married,Crew,Victualling,,,,Southampton,
Barker George,1856,,56,,Male,,Crew,Engine,,,,Belfast,Southampton
Barker George,1866,,46,,Male,,Crew,Deck,,,,Belfast,Southampton
Barker Reginald Lomond,1870,1912,42,42,Male,Married,Crew,Victualling,,,,Belfast,
Barker Stokes,1886,,26,,Male,,Crew,Engine,,,,Belfast,Southampton
Barkley Robert,1873,,39,,Male,,Crew,Engine,,,,Belfast,Southampton
Barlow Charles Henry,1881,1912,30,30,Male,Married,Crew,Engine,,,,Southampton,
Barlow George,1872,1912,39,39,Male,Single,Crew,Victualling,,,,Southampton,
Barnes Charles,1883,1912,29,29,Male,Single,Crew,Engine,,,,Southampton,
Barnes Frederick Charles,1872,1912,40,40,Male,Single,Crew,Victualling,,,,Southampton,
Barnes John,1872,1912,39,39,Male,Married,Crew,Engine,,,,Southampton,
Barnes William John,1875,1927,36,51,Male,Single,Crew,Engine,,,,Belfast,Southampton
Barratt Arthur,1896,1912,16,16,Male,Single,Crew,Victualling,,,,Southampton,
Barrett Frederick William,1879,1912,33,33,Male,Married,Crew,Engine,,,,Southampton,
Barrett Frederick William,1883,1931,29,48,Male,Single,Crew,Engine,,,,Southampton,New York City
Barringer Arthur William,1878,1912,34,34,Male,Married,Crew,Victualling,,,,Belfast,
Barrow Charles Henry John,1876,1912,35,35,Male,Married,Crew,Victualling,,,,Southampton,
Barrows Edward William Peter,1879,1912,32,32,Male,Single,Crew,Victualling,,,,Southampton,
Barry James,1881,,31,,Male,,Crew,Engine,,,,Belfast,Southampton
Bartley Robert,1880,,32,,Male,,Crew,Engine,,,,Belfast,Southampton
Bartley Thomas,1876,1957,35,81,Male,Married,Crew,Victualling,,,,Belfast,Southampton
Barton Sidney John,1886,1912,26,26,Male,Single,Crew,Victualling,,,,Southampton,
Basilico Giovanni,1885,1912,27,27,Male,Single,Crew,A la Carte,,,,Southampton,
Baxter Harry Ross,1858,1912,53,53,Male,Widowed,Crew,Victualling,,,,Southampton,
Baxter Thomas Ferguson,1856,1912,55,55,Male,Married,Crew,Victualling,,,,Southampton,
Bazzi Narciso,1878,1912,33,33,Male,Single,Crew,A la Carte,,,,Southampton,
Beattie Francis,1873,1943,39,69,Male,Married,Crew,Engine,,,,Belfast,Southampton
Beattie Joseph John,1871,1912,40,40,Male,Married,Crew,Engine,,,,Belfast,
Beauchamp George William,1888,1965,24,77,Male,Single,Crew,Engine,,,,Southampton,New York City
Bedford William Barnett,1880,1912,31,31,Male,Single,Crew,Victualling,,,,Southampton,
Beedem George Arthur,1877,1912,35,35,Male,Married,Crew,Victualling,,,,Southampton,
Beere William,1893,1912,19,19,Male,Single,Crew,Victualling,,,,Southampton,
Bell Joseph,1861,1912,51,51,Male,Married,Crew,Engine,,,,Belfast,
Bendell Frank,1888,1912,23,23,Male,Single,Crew,Engine,,,,Southampton,
Benham Fred John,1882,1912,29,29,Male,Single,Crew,Victualling,,,,Southampton,
Bennett George Alfred,1881,1912,30,30,Male,Single,Crew,Engine,,,,Southampton,
Bennett Mabel Kate,1878,1974,33,96,Female,Married,Crew,Victualling,,,,Southampton,New York City
Benson James,1862,,50,,Male,,Crew,Deck,,,,Belfast,Southampton
Benson John,1886,,26,,Male,,Crew,Deck,,,,Belfast,Southampton
Benson William,1887,1967,25,79,Male,Single,Crew,Engine,,,,Belfast,Southampton
Benville Edward,1864,1912,47,47,Male,Single,Crew,Engine,,,,Southampton,
Bernardi Battista,1890,1912,22,22,Male,,Crew,A la Carte,,,,Southampton,
Bessant Edward,1880,1912,31,31,Male,Married,Crew,Victualling,,,,Southampton,
Bessant William Edward Lowe,1871,1912,40,40,Male,Married,Crew,Engine,,,,Southampton,
Best Edwin Alfred,1872,1912,40,40,Male,Married,Crew,Victualling,,,,Belfast,
Beux David,1886,1912,25,25,Male,,Crew,A la Carte,,,,Southampton,
Bevis Joseph Henry,1890,1912,22,22,Male,Single,Crew,Engine,,,,Southampton,
Biddlecombe Reginald Charles,1880,1912,31,31,Male,Married,Crew,Engine,,,,Southampton,
Biggs Edward Charles,1891,1912,20,20,Male,Single,Crew,Engine,,,,Southampton,
Billows James,1892,1912,20,20,Male,Single,Crew,Engine,,,,Southampton,
Binstead Walter William,1891,1959,20,67,Male,Single,Crew,Engine,,,,Southampton,New York City
Bishop Walter Alexander,1878,1912,34,34,Male,Married,Crew,Victualling,,,,Belfast,
Bittle Robert,1866,1922,46,56,Male,Married,Crew,Engine,,,,Belfast,Southampton
Biétrix George Baptiste,1883,1912,28,28,Male,Single,Crew,A la Carte,,,,Southampton,
Black Alexander,1884,1912,28,28,Male,,Crew,Engine,,,,Southampton,
Black James,1874,,38,,Male,,Crew,Engine,,,,Belfast,Southampton
Blackman Albert Edward,1889,1912,23,23,Male,Single,Crew,Engine,,,,Southampton,
Blades Frederick Charles,1895,1912,17,17,Male,Single,Crew,Victualling,,,,Southampton,
Blake John Douglas Stanley George,1886,1912,26,26,Male,Single,Crew,Engine,,,,Belfast,
Blake Percival Albert,1889,1968,22,78,Male,Single,Crew,Engine,,,,Southampton,New York City
Blake Thomas Henry,1875,1912,36,36,Male,Married,Crew,Engine,,,,Southampton,
Blaney James,1880,1912,32,32,Male,Single,Crew,Engine,,,,Southampton,
Blann Eustace Horatius,1890,1912,21,21,Male,Single,Crew,Engine,,,,Southampton,
Bliss Emma,1866,1959,45,93,Female,Married,Crew,Victualling,,,,Southampton,New York City
Bloomer James,1860,1927,51,66,Male,Married,Crew,Deck,,,,Belfast,Southampton
Blumet Jean Baptiste,1886,1912,26,26,Male,,Crew,A la Carte,,,,Southampton,
Boal John,1872,,40,,Male,,Crew,Engine,,,,Belfast,Southampton
Bochatay Alexis Joseph,1881,1912,30,30,Male,Single,Crew,Victualling,,,,Southampton,
Bochet Pietro Giuseppe,1868,1912,43,43,Male,Married,Crew,A la Carte,,,,Southampton,
Bogie Norman Leslie,1853,1912,59,59,Male,Married,Crew,Victualling,,,,Southampton,
Bolhuis Hendrik,1884,1912,27,27,Male,Single,Crew,A la Carte,,,,Southampton,
Bond William John,1867,1912,45,45,Male,Married,Crew,Victualling,,,,Belfast,
Boothby Walter Thomas,1874,1912,37,37,Male,Married,Crew,Victualling,,,,Southampton,
Boston William John,1879,1912,32,32,Male,Married,Crew,Victualling,,,,Belfast,
Bott William Thomas,1866,1912,46,46,Male,,Crew,Engine,,,,Southampton,
Boughton Bernard John,1887,1912,24,24,Male,Single,Crew,Victualling,,,,Southampton,
Bowker Ruth Harwood,1880,1956,31,75,Female,Single,Crew,A la Carte,,,,Southampton,New York City
Boyd Adam,1874,,38,,Male,,Crew,Engine,,,,Belfast,Southampton
Boyd John,1875,1912,37,37,Male,Married,Crew,Victualling,,,,Southampton,
Boyes John Henry,1875,1912,36,36,Male,Married,Crew,Victualling,,,,Belfast,
Bradley Patrick Joseph,1873,1912,38,38,Male,Married,Crew,Engine,,,,Southampton,
Bradley Thomas Henry,1883,1912,28,28,Male,Single,Crew,Deck,,,,Southampton,
Bradshaw John Albert Perkin,1869,1912,42,42,Male,Married,Crew,Victualling,,,,Southampton,
Braiden William John,1875,1946,37,71,Male,Married,Crew,Engine,,,,Belfast,Southampton
Brennan Thomas,1873,,39,,Male,,Crew,Engine,,,,Belfast,Southampton
Brewer Harry,1882,1912,30,30,Male,Married,Crew,Engine,,,,Southampton,
Brewster George Henry,1859,1912,52,52,Male,Married,Crew,Victualling,,,,Belfast,
Briant Albert,1877,1912,34,34,Male,Married,Crew,Engine,,,,Southampton,
Briant Arthur,1882,1912,30,30,Male,Married,Crew,Engine,,,,Southampton,
Brice Walter Thomas,1869,1928,42,58,Male,Married,Crew,Deck,,,,Southampton,New York City
Bride Harold Sydney,1890,1956,22,66,Male,Single,Crew,Victualling,,,,Belfast,New York City
Bright Arthur John,1869,1955,42,86,Male,Married,Crew,Deck,,,,Belfast,New York City
Bristow Harry,1873,1912,38,38,Male,Married,Crew,Victualling,,,,Southampton,
Bristow Robert Charles,1873,1912,38,38,Male,Married,Crew,Victualling,,,,Southampton,
Brookman John Cress,1884,1912,28,28,Male,Married,Crew,Victualling,,,,Southampton,
Brooks J.,1887,1912,25,25,Male,Single,Crew,Engine,,,,Southampton,
Broom Herbert George,1879,1912,33,33,Male,Married,Crew,Victualling,,,,Belfast,
Broome Athol Frederick,1881,1912,31,31,Male,Married,Crew,Victualling,,,,Southampton,
Brown Edward,1878,1926,34,48,Male,Single,Crew,Victualling,,,,Belfast,New York City
Brown John,1884,1912,28,28,Male,Single,Crew,Engine,,,,Southampton,
Brown Walter James,1871,1912,41,41,Male,Single,Crew,Victualling,,,,Belfast,
Bryan John,1890,,22,,Male,,Crew,Engine,,,,Belfast,Southampton
Buckley H. E.,1878,1912,34,34,Male,,Crew,Victualling,,,,Southampton,
Buley Edward John,1885,1917,26,32,Male,Single,Crew,Deck,,,,Southampton,New York City
Bull Walter Edward,1875,1912,36,36,Male,Married,Crew,Victualling,,,,Southampton,
Bulley Henry Ashburnham,1890,1912,21,21,Male,Single,Crew,Victualling,,,,Southampton,
Bunnell Wilfred James,1891,1912,20,20,Male,Single,Crew,Victualling,,,,Belfast,
Burgess Charles,1893,1960,18,67,Male,Single,Crew,Victualling,,,,Southampton,New York City
Burke Richard Edward,1882,1912,29,29,Male,Married,Crew,Victualling,,,,Belfast,
Burke William,1872,1961,39,88,Male,Single,Crew,Victualling,,,,Belfast,New York City
Burness Frank,1869,,43,,Male,,Crew,Engine,,,,Belfast,Southampton
Burns John,1880,,31,,Male,Married,Crew,Deck,,,,Belfast,Southampton
Burns William Simpson,1874,1953,37,79,Male,,Crew,Engine,,,,Belfast,Southampton
Burr Ewart Sydenham,1883,1912,28,28,Male,Married,Crew,Victualling,,,,Southampton,
Burrage Arthur Victor Edwards,1891,1951,20,60,Male,Single,Crew,Victualling,,,,Southampton,New York City
Burroughs Arthur Peckham,1877,1912,34,34,Male,Married,Crew,Engine,,,,Southampton,
Burton Edward John,1877,1912,35,35,Male,Single,Crew,Engine,,,,Southampton,
Butt Robert Henry,1890,1912,21,21,Male,Single,Crew,Victualling,,,,Southampton,
Butt William John,1881,1912,30,30,Male,Single,Crew,Engine,,,,Southampton,
Butterworth John,1889,1912,23,23,Male,Single,Crew,Victualling,,,,Southampton,
Byrne James Edward,1867,1912,44,44,Male,Single,Crew,Victualling,,,,Southampton,
Cairnes Robert,1862,,50,,Male,,Crew,Engine,,,,Belfast,Southampton
Calderwood Hugh,1879,1912,33,33,Male,Single,Crew,Engine,,,,Belfast,
Campbell Donald Samuel,1884,1912,28,28,Male,Single,Crew,Victualling,,,,Southampton,
Canner John,1872,1912,40,40,Male,Single,Crew,Engine,,,,Southampton,
Cardwell John,1879,1963,32,84,Male,Married,Crew,Engine,,,,Belfast,Southampton
Carney William John,1881,1912,31,31,Male,Single,Crew,Victualling,,,,Southampton,
Carr Richard Stephen,1884,1912,27,27,Male,Engaged,Crew,Engine,,,,Southampton,
Carson James,1875,1950,36,74,Male,Married,Crew,Engine,,,,Belfast,Southampton
Carter James,1866,1912,46,46,Male,Married,Crew,Engine,,,,Southampton,
Cartwright James Edward,1879,1912,33,33,Male,Single,Crew,Victualling,,,,Belfast,
Casali Giulio,1880,1912,32,32,Male,Single,Crew,A la Carte,,,,Southampton,
Casey Thomas,1867,1912,44,44,Male,Single,Crew,Engine,,,,Southampton,
Cassidy William John,1881,1953,30,72,Male,Married,Crew,Engine,,,,Belfast,Southampton
Casswill Charles,1877,1912,34,34,Male,Married,Crew,Victualling,,,,Southampton,
Castleman Edward,1874,1912,37,37,Male,Married,Crew,Engine,,,,Southampton,
Caton Annie,1879,1947,33,68,Female,Single,Crew,Victualling,,,,Southampton,New York City
Caunt William Ewart,1884,1912,28,28,Male,Married,Crew,Victualling,,,,Southampton,
Cave Herbert,1873,1912,39,39,Male,Married,Crew,Victualling,,,,Belfast,
Cavell George Henry,1889,1966,22,75,Male,Single,Crew,Engine,,,,Southampton,New York City
Cecil Charles Thomas,1891,1912,21,21,Male,Single,Crew,Victualling,,,,Southampton,
Chaboisson Adrien Firmin,1886,1912,25,25,Male,,Crew,A la Carte,,,,Southampton,
Chapman Joseph Charles,1879,1939,32,59,Male,Married,Crew,Victualling,,,,Southampton,New York City
Charman John James,1886,1912,25,25,Male,Single,Crew,Victualling,,,,Southampton,
Cheevers William,1880,1914,31,33,Male,Married,Crew,Engine,,,,Belfast,Southampton
Cherrett William Victor,1887,1912,24,24,Male,Single,Crew,Engine,,,,Southampton,
Cheverton William Frederick,1884,1912,27,27,Male,Single,Crew,Victualling,,,,Belfast,
Chisnall George Alexander,1875,1912,36,36,Male,Married,Crew,Engine,,,,Belfast,
Chitty Archibald George,1883,1912,28,28,Male,,Crew,Victualling,,,,Southampton,
Chitty George Henry,1862,1912,50,50,Male,Widowed,Crew,Victualling,,,,Southampton,
Chorley John Henry,1887,1912,25,25,Male,Single,Crew,Engine,,,,Southampton,
Christmas Herbert Harry,1878,1912,34,34,Male,Married,Crew,Victualling,,,,Southampton,
Clark William,1869,,42,,Male,Single,Crew,Engine,,,,Southampton,New York City
Cleland James,1881,1929,30,47,Male,Married,Crew,Engine,,,,Belfast,Southampton
Clench Frederick Charles,1878,1930,33,51,Male,Single,Crew,Deck,,,,Southampton,New York City
Clench George James,1881,1912,31,31,Male,Single,Crew,Deck,,,,Southampton,
Cochrane Robert,1867,,44,,Male,Married,Crew,Engine,,,,Belfast,Southampton
Coe Harry,1890,1912,21,21,Male,Married,Crew,Engine,,,,Southampton,
Coleman Albert Edward,1883,1912,28,28,Male,Married,Crew,Victualling,,,,Southampton,
Coleman John,1854,1912,57,57,Male,Married,Crew,Engine,,,,Belfast,
Colgan Joseph,1879,,33,,Male,,Crew,Victualling,,,,Southampton,New York City
Collins John,1874,1950,38,76,Male,Married,Crew,Engine,,,,Southampton,New York City
Collins John,1894,1941,17,46,Male,Single,Crew,Victualling,,,,Southampton,New York City
Combes George,1877,1916,34,38,Male,Married,Crew,Engine,,,,Southampton,New York City
Connor James,1866,,46,,Male,,Crew,Engine,,,,Belfast,Southampton
Connor Thomas,1873,,39,,Male,,Crew,Engine,,,,Belfast,Southampton
Conway Percy Walter,1887,1912,25,25,Male,Single,Crew,Victualling,,,,Belfast,
Cook Gilbert William,1880,1912,32,32,Male,Single,Crew,Victualling,,,,Southampton,
Coombs Charles Augustus,1867,1912,45,45,Male,Married,Crew,Victualling,,,,Southampton,
Cooper H.,1886,1912,25,25,Male,Single,Crew,Engine,,,,Southampton,
Cooper James Edward,1886,1912,26,26,Male,Single,Crew,Engine,,,,Southampton,
Copperthwaite Albert Harry,1883,1912,28,28,Male,Married,Crew,Engine,,,,Southampton,
Corben Ernest Theodore,1885,1912,27,27,Male,Married,Crew,Victualling,,,,Southampton,
Corcoran Dennis,1879,1912,33,33,Male,,Crew,Engine,,,,Southampton,
Cornaire Marcel Raymond André,1892,1912,19,19,Male,,Crew,A la Carte,,,,Southampton,
Cosgrove John,1893,,19,,Male,Single,Crew,Engine,,,,Belfast,Southampton
Cosgrove William James Gilligan,1888,1962,24,74,Male,Married,Crew,Engine,,,,Belfast,Southampton
Couch Frank,1884,1912,27,27,Male,Single,Crew,Deck,,,,Southampton,
Couch Joseph Henry,1862,1912,49,49,Male,,Crew,Engine,,,,Southampton,
Couper Robert Frederick William,1882,1941,30,59,Male,Married,Crew,Engine,,,,Southampton,New York City
Coutin Auguste Louis,1884,1912,28,28,Male,Widowed,Crew,A la Carte,,,,Southampton,
Cox William Denton,1882,1912,30,30,Male,Single,Crew,Victualling,,,,Southampton,
Coy Francis Ernest George,1885,1912,27,27,Male,Married,Crew,Engine,,,,Belfast,
Crabb Henry James,1889,1912,23,23,Male,Single,Crew,Engine,,,,Southampton,
Crafter Frederick Horace,1891,1960,20,68,Male,Single,Crew,Victualling,,,,Southampton,New York City
Craig David,1879,,33,,Male,,Crew,Engine,,,,Belfast,Southampton
Craig John,1883,,29,,Male,,Crew,Engine,,,,Belfast,Southampton
Crawford Alfred George,1869,1938,43,68,Male,Married,Crew,Victualling,,,,Belfast,New York City
Creese Henry Philip,1867,1912,45,45,Male,Married,Crew,Engine,,,,Belfast,
Crimmins James,1891,1956,21,64,Male,Single,Crew,Engine,,,,Southampton,New York City
Crisp Albert Hector,1872,1912,39,39,Male,Married,Crew,Victualling,,,,Belfast,
Crispin William,1878,1912,33,33,Male,Married,Crew,Victualling,,,,Southampton,
Crosbie John Borthwick,1867,1912,45,45,Male,Married,Crew,Victualling,,,,Southampton,
Croskery Thomas,1871,1950,40,78,Male,Single,Crew,Engine,,,,Belfast,Southampton
Cross William Alfred,1868,1912,44,44,Male,Married,Crew,Engine,,,,Southampton,
Crossley John,1878,1941,33,63,Male,Married,Crew,Engine,,,,Belfast,Southampton
Croughane Michael,1867,,45,,Male,,Crew,Engine,,,,Belfast,Southampton
Crovella Paolo Luigi,1895,1912,16,16,Male,Single,Crew,A la Carte,,,,Southampton,
Crow George Frederick,1886,1960,26,73,Male,Married,Crew,Victualling,,,,Southampton,New York City
Crumplin Charles George Chandler,1877,1912,35,35,Male,Married,Crew,Victualling,,,,Belfast,
Cullen Charles James,1863,1939,49,75,Male,Married,Crew,Victualling,,,,Belfast,New York City
Cullen John,1869,,43,,Male,,Crew,Engine,,,,Belfast,Southampton
Cullen Patrick,1876,,36,,Male,,Crew,Engine,,,,Belfast,Southampton
Cunningham Andrew Orr,1873,1932,38,59,Male,Married,Crew,Victualling,,,,Belfast,New York City
Cunningham Bernard,1877,1912,35,35,Male,Married,Crew,Engine,,,,Southampton,
Curran Thomas,1871,,41,,Male,,Crew,Engine,,,,Belfast,Southampton
Curtis Arthur,1885,1912,26,26,Male,Single,Crew,Engine,,,,Southampton,
Daniels Sidney Edward,1893,1983,18,89,Male,,Crew,Victualling,,,,Southampton,New York City
Dashwood William George,1894,1912,18,18,Male,Single,Crew,Victualling,,,,Southampton,
Davies Gordon Raleigh,1879,1912,32,32,Male,Married,Crew,Victualling,,,,Belfast,
Davies Robert J.,1886,1912,26,26,Male,,Crew,Victualling,,,,Belfast,
Davies Thomas,1879,1912,33,33,Male,Married,Crew,Engine,,,,Southampton,
Davis John,1884,1912,27,27,Male,Married,Crew,Victualling,,,,Belfast,
Davis Stephen James,1873,1912,39,39,Male,Married,Crew,Deck,,,,Southampton,
Dawson Joseph,1888,1912,23,23,Male,Single,Crew,Engine,,,,Southampton,
De Marsico Govanni,1892,1912,20,20,Male,,Crew,A la Carte,,,,Southampton,
Dean George Fox Hopkins,1892,1912,19,19,Male,Single,Crew,Victualling,,,,Southampton,
Debreucq Maurice Emile Victor,1894,1912,18,18,Male,Single,Crew,A la Carte,,,,Southampton,
Decker Charles,1865,1955,47,90,Male,Married,Crew,Engine,,,,Belfast,Southampton
Deeble Alfred Arnold,1877,1912,34,34,Male,Single,Crew,Victualling,,,,Belfast,
Denmigan Charles,1870,,42,,Male,,Crew,Deck,,,,Belfast,Southampton
Denver John,1877,,34,,Male,Married,Crew,Engine,,,,Belfast,Southampton
Derrett Arthur Henry,1883,1912,28,28,Male,Single,Crew,Victualling,,,,Belfast,
Deslandes Percival Stainer,1874,1912,38,38,Male,Married,Crew,Victualling,,,,Southampton,
Desvernine Louis Gabriel,1891,1912,20,20,Male,,Crew,A la Carte,,,,Southampton,
Diaper John Joseph,1885,1955,27,70,Male,Married,Crew,Engine,,,,Southampton,New York City
Dillon Thomas Patrick,1879,1939,33,59,Male,Single,Crew,Engine,,,,Southampton,New York City
Dinenage James Richard,1863,1912,49,49,Male,Married,Crew,Victualling,,,,Southampton,
Dodd Edward Charles,1873,1912,39,39,Male,Single,Crew,Engine,,,,Belfast,
Dodd George Charles,1867,1912,44,44,Male,Married,Crew,Victualling,,,,Belfast,
Doel Frederick,1889,1940,22,50,Male,Single,Crew,Engine,,,,Southampton,New York City
Dolby Joseph,1873,1912,38,38,Male,Married,Crew,Victualling,,,,Belfast,
Donati Italo Francesco,1894,1912,17,17,Male,Single,Crew,A la Carte,,,,Southampton,
Donoghue Florence Thomas,1880,1912,31,31,Male,Married,Crew,Victualling,,,,Belfast,
Donohoe Hugh Moses,1874,,37,,Male,,Crew,Deck,,,,Belfast,Southampton
Dore Albert James,1889,1953,22,63,Male,Single,Crew,Engine,,,,Southampton,New York City
Dornier Louis Auguste,1891,1912,20,20,Male,,Crew,A la Carte,,,,Southampton,
Doughty Walter Thomas,1890,1912,22,22,Male,Single,Crew,Victualling,,,,Southampton,
Douglas William,1879,,32,,Male,Married,Crew,Deck,,,,Belfast,Southampton
Doyle Laurence,1885,1912,27,27,Male,Single,Crew,Engine,,,,Southampton,
Duffy William Luke,1875,1912,36,36,Male,Married,Crew,Engine,,,,Belfast,
Dunford William,1864,1912,48,48,Male,,Crew,Victualling,,,,Southampton,
Dunlop Joseph,1865,,47,,Male,,Crew,Engine,,,,Belfast,Southampton
Dyer Henry Ryland,1887,1912,24,24,Male,Single,Crew,Engine,,,,Belfast,
Dyer William Henry,1879,1912,33,33,Male,Married,Crew,Victualling,,,,Southampton,
Dymond Frank,1876,1947,36,71,Male,Married,Crew,Engine,,,,Southampton,New York City
Eagle Alfred James Jacob,1884,1912,27,27,Male,Single,Crew,Engine,,,,Southampton,
Eastman Charles,1868,1912,44,44,Male,Married,Crew,Engine,,,,Southampton,
Edbrooke Francis Samuel Jacob,1888,1912,23,23,Male,Single,Crew,Victualling,,,,Southampton,
Ede George Bulkeley,1889,1912,23,23,Male,,Crew,Victualling,,,,Southampton,
Edge Frederick William,1873,1912,39,39,Male,Married,Crew,Victualling,,,,Southampton,
Edwards Charles Essex,1862,1912,49,49,Male,Married,Crew,Victualling,,,,Southampton,
Egg William Henry,1864,1912,48,48,Male,Married,Crew,Victualling,,,,Southampton,
Elliott Everett Edward,1888,1912,23,23,Male,Single,Crew,Engine,,,,Southampton,
Ellis John Bertie,1883,1932,28,48,Male,Married,Crew,Victualling,,,,Southampton,New York City
Ellison Joseph,1883,1945,29,62,Male,Married,Crew,Engine,,,,Belfast,Southampton
Ennes William,1884,,28,,Male,,Crew,Engine,,,,Belfast,Southampton
Ennis Walter,1878,1912,34,34,Male,Married,Crew,Victualling,,,,Southampton,
Ervine Albert George,1893,1912,18,18,Male,Single,Crew,Engine,,,,Belfast,
Etches Henry Samuel,1868,1944,43,75,Male,Married,Crew,Victualling,,,,Belfast,New York City
Evans Alfred Frank,1887,1964,25,76,Male,,Crew,Deck,,,,Southampton,New York City
Evans Frank Oliver,1884,1952,27,68,Male,,Crew,Deck,,,,Southampton,New York City
Evans George Richard,1884,1912,27,27,Male,Married,Crew,Victualling,,,,Belfast,
Evans William Thomas,1878,1912,33,33,Male,Single,Crew,Engine,,,,Southampton,
Fairall Henry Charles,1871,1912,40,40,Male,Married,Crew,Victualling,,,,Belfast,
Farenden Ernest John,1890,1912,22,22,Male,Single,Crew,Victualling,,,,Belfast,
Farley John,1881,,31,,Male,Single,Crew,Engine,,,,Belfast,Southampton
Farquharson William Edward,1873,1912,39,39,Male,Married,Crew,Engine,,,,Belfast,
Faulkner William Stephen,1875,1949,37,74,Male,Married,Crew,Victualling,,,,Belfast,New York City
Fay Thomas Joseph,1881,1912,30,30,Male,Married,Crew,Engine,,,,Southampton,
Fei Carlo,1893,1912,19,19,Male,Single,Crew,A la Carte,,,,Southampton,
Fellowes Alfred James,1883,1912,28,28,Male,Single,Crew,Victualling,,,,Belfast,
Feltham George William,1870,1912,41,41,Male,Married,Crew,Victualling,,,,Southampton,
Ferrary Anton,1879,1912,33,33,Male,Married,Crew,Engine,,,,Southampton,
Ferris George,1878,,34,,Male,,Crew,Engine,,,,Belfast,Southampton
Ferris William,1873,1912,39,39,Male,Married,Crew,Engine,,,,Southampton,
Ferron Nicholas,1878,,34,,Male,,Crew,Engine,,,,Belfast,Southampton
Finch Henry Herman,1893,1912,18,18,Male,,Crew,Victualling,,,,Southampton,
Fioravante Giuseppe Bertoldo,1888,1912,23,23,Male,Single,Crew,A la Carte,,,,Southampton,
Fitzpatrick Cecil William,1890,1964,21,74,Male,Single,Crew,Engine,,,,Southampton,New York City
Fitzpatrick Hugh Joseph,1883,1912,29,29,Male,Married,Crew,Engine,,,,Belfast,
Flack John,1883,1961,28,77,Male,Married,Crew,Engine,,,,Belfast,Southampton
Flaherty Edward,1860,1940,52,80,Male,Widowed,Crew,Engine,,,,Southampton,New York City
Flannigan Thomas,1866,1941,45,75,Male,Married,Crew,Engine,,,,Belfast,Southampton
Fleet Frederick,1887,1965,24,77,Male,,Crew,Deck,,,,Belfast,New York City
Fleming William,1876,,35,,Male,Married,Crew,Engine,,,,Belfast,Southampton
Fletcher Percy William,1887,1912,25,25,Male,Married,Crew,Victualling,,,,Belfast,
Fletcher Robert,1872,1916,39,43,Male,Married,Crew,Engine,,,,Belfast,Southampton
Flynn Michael,1879,1942,32,62,Male,,Crew,Engine,,,,Belfast,Southampton
Foley John,1865,1934,46,69,Male,Married,Crew,Deck,,,,Belfast,New York City
Foley Wilfred Cyril,1890,1916,21,25,Male,Single,Crew,Victualling,,,,Southampton,New York City
Ford Ernest,1879,1912,33,33,Male,Single,Crew,Victualling,,,,Southampton,
Ford Francis,1868,1912,44,44,Male,Married,Crew,Victualling,,,,Southampton,
Ford H.,1890,1912,22,22,Male,,Crew,Engine,,,,Southampton,
Ford Thomas,1879,1912,33,33,Male,Married,Crew,Engine,,,,Southampton,
Forward James,1884,1940,27,55,Male,,Crew,Deck,,,,Southampton,New York City
Foster Alfred Charles,1875,1912,37,37,Male,Married,Crew,Engine,,,,Belfast,
Fox William Thomas,1885,1912,27,27,Male,Single,Crew,Victualling,,,,Southampton,
Franklin Alan Vincent,1883,1912,28,28,Male,Married,Crew,Victualling,,,,Southampton,
Fraser J.,1882,1912,30,30,Male,,Crew,Engine,,,,Southampton,
Fraser James,1882,1912,30,30,Male,Married,Crew,Engine,,,,Belfast,
Fredericks Walter Francis,1891,1960,21,69,Male,,Crew,Engine,,,,Southampton,New York City
Freeman Ernest Edward Samuel,1867,1912,45,45,Male,Married,Crew,Victualling,,,,Belfast,
Fryer Albert Ernest,1882,1944,29,62,Male,Married,Crew,Engine,,,,Southampton,New York City
Gamble William,1883,1942,28,59,Male,Single,Crew,Engine,,,,Belfast,Southampton
Gass David,1865,1931,47,66,Male,Married,Crew,Engine,,,,Belfast,Southampton
Gatti Gaspare Antonio Pietro,1875,1912,37,37,Male,Married,Crew,A la Carte,,,,Southampton,
Geddes Richard Charles,1880,1912,32,32,Male,Married,Crew,Victualling,,,,Southampton,
Gibbons Jacob William,1875,1965,36,89,Male,Married,Crew,Victualling,,,,Southampton,New York City
Gibson Thomas,1892,,20,,Male,,Crew,Engine,,,,Belfast,Southampton
Gibson William,1869,,43,,Male,,Crew,Engine,,,,Belfast,Southampton
Gilardino Vincenzo Pio,1881,1912,31,31,Male,Single,Crew,A la Carte,,,,Southampton,
Giles John Robert,1879,1912,32,32,Male,Single,Crew,Victualling,,,,Southampton,
Gill Joseph Stanley,1873,1912,38,38,Male,Married,Crew,Victualling,,,,Belfast,
Gill Patrick,1874,1912,38,38,Male,Married,Crew,Victualling,,,,Southampton,
Godley George Auguste,1873,1940,38,66,Male,Single,Crew,Engine,,,,Southampton,New York City
Godwin Frederick Charles,1876,1912,36,36,Male,Married,Crew,Engine,,,,Southampton,
Gold Jane Kate Coulson,1866,1948,45,82,Female,Married,Crew,Victualling,,,,Southampton,New York City
Golder Martin William,1876,1912,35,35,Male,Single,Crew,Engine,,,,Southampton,
Gollop Percival Salisbury,1882,1912,30,30,Male,Single,Crew,Victualling,,,,Southampton,
Goree Frank,1871,1912,40,40,Male,Married,Crew,Engine,,,,Southampton,
Gorman David,1880,1938,32,58,Male,Married,Crew,Engine,,,,Belfast,Southampton
Goshawk Alfred James,1871,1912,40,40,Male,Married,Crew,Victualling,,,,Belfast,
Gosling Bertram James,1890,1912,22,22,Male,,Crew,Engine,,,,Southampton,
Gosling Frank Henry,1887,1912,25,25,Male,,Crew,Engine,,,,Southampton,
Gracey John,1859,1913,53,54,Male,Married,Crew,Deck,,,,Belfast,Southampton
Gradidge Ernest Edward,1889,1912,22,22,Male,Single,Crew,Engine,,,,Southampton,
Graham Thomas Gibson,1883,,28,,Male,Single,Crew,Engine,,,,Belfast,New York City
Green George,1892,1912,20,20,Male,Single,Crew,Engine,,,,Southampton,
Gregg William John,1869,1923,43,54,Male,Married,Crew,Engine,,,,Belfast,Southampton
Gregory David,1869,1912,43,43,Male,Single,Crew,Engine,,,,Southampton,
Gregson Mary Josephine,1867,1923,45,55,Female,Single,Crew,Victualling,,,,Southampton,New York City
Grosclaude Gérald,1887,1912,24,24,Male,Single,Crew,A la Carte,,,,Southampton,
Gumery George,1887,1912,24,24,Male,Single,Crew,Engine,,,,Southampton,
Gunn Joseph Alfred,1882,1912,30,30,Male,Single,Crew,Victualling,,,,Southampton,
Guy Elgar John,1882,1922,29,39,Male,Single,Crew,Victualling,,,,Southampton,New York City
Hadley John,1862,,50,,Male,,Crew,Engine,,,,Belfast,Southampton
Haggan John,1877,1952,35,74,Male,Single,Crew,Engine,,,,Belfast,New York City
Haines Albert,1880,1933,31,53,Male,Single,Crew,Deck,,,,Belfast,New York City
Hale John,1887,1948,24,61,Male,Widowed,Crew,Engine,,,,Belfast,Southampton
Halford Richard,1884,1953,27,68,Male,Single,Crew,Victualling,,,,Southampton,New York City
Hall Frank Alfred James,1871,1912,40,40,Male,Married,Crew,Victualling,,,,Southampton,
Hall George,1875,1960,36,84,Male,Married,Crew,Engine,,,,Belfast,Southampton
Hall J.,1880,1912,32,32,Male,,Crew,Engine,,,,Southampton,
Hallett George Alexander,1889,1912,23,23,Male,Single,Crew,Engine,,,,Southampton,
Halpin Joseph,1888,,24,,Male,,Crew,Engine,,,,Belfast,Southampton
Hamblyn Ernest William,1865,1912,47,47,Male,Married,Crew,Victualling,,,,Southampton,
Hamilton Ernest,1886,1912,25,25,Male,Engaged,Crew,Victualling,,,,Belfast,
Hamilton William John,1888,1931,24,43,Male,Married,Crew,Engine,,,,Belfast,Southampton
Hands Bernard,1858,1912,54,54,Male,Widowed,Crew,Engine,,,,Southampton,
Hanley William,1887,1958,24,70,Male,Single,Crew,Engine,,,,Belfast,Southampton
Hannam George,1882,1912,30,30,Male,Single,Crew,Engine,,,,Southampton,
Harder William,1872,1947,39,75,Male,Married,Crew,Deck,,,,Southampton,New York City
Harding Alfred John,1891,1912,21,21,Male,Single,Crew,Victualling,,,,Southampton,
Hardwick Reginald,1891,1918,21,27,Male,,Crew,Victualling,,,,Southampton,New York City
Hardy John,1871,1953,40,82,Male,Married,Crew,Victualling,,,,Belfast,New York City
Harkin Samuel,1869,1931,43,62,Male,Married,Crew,Engine,,,,Belfast,Southampton
Harmes Robert,1881,1958,30,76,Male,Married,Crew,Deck,,,,Belfast,Southampton
Harris Amos,1888,1912,24,24,Male,Married,Crew,Engine,,,,Southampton,
Harris Charles William,1893,1912,19,19,Male,,Crew,Victualling,,,,Southampton,
Harris Clifford Henry,1895,1912,17,17,Male,Single,Crew,Victualling,,,,Southampton,
Harris Edward John,1883,1912,29,29,Male,Single,Crew,Engine,,,,Southampton,
Harris Edward Matthew,1895,1912,17,17,Male,Single,Crew,Victualling,,,,Southampton,
Harris Fred,1873,,39,,Male,,Crew,Engine,,,,Southampton,New York City
Harris Joseph,1880,1950,32,70,Male,,Crew,Deck,,,,Belfast,Southampton
Harrison Aragõa Drummond,1871,1947,40,75,Male,Married,Crew,Victualling,,,,Southampton,New York City
Harrison Norman E.,1873,1912,38,38,Male,Married,Crew,Engine,,,,Belfast,
Hart James,1858,1912,54,54,Male,Single,Crew,Engine,,,,Southampton,
Hart John Edward,1881,1954,31,72,Male,,Crew,Victualling,,,,Southampton,New York City
Hartnell Fred,1890,1920,21,29,Male,Single,Crew,Victualling,,,,Southampton,New York City
Harvey Herbert Gifford,1878,1912,34,34,Male,Single,Crew,Engine,,,,Belfast,
Harvey John,1886,,26,,Male,Married,Crew,Engine,,,,Belfast,Southampton
Hatch Hugh,1891,1912,21,21,Male,Single,Crew,Victualling,,,,Southampton,
Hawkesworth James,1860,1912,52,52,Male,Single,Crew,Victualling,,,,Southampton,
Hawkesworth William Walter,1869,1912,43,43,Male,Married,Crew,Victualling,,,,Southampton,
Hayter Arthur,1867,1912,44,44,Male,Married,Crew,Victualling,,,,Belfast,
Head Alfred,1888,1912,24,24,Male,Single,Crew,Engine,,,,Southampton,
Hebb William Albert Thomas,1889,1932,22,42,Male,Single,Crew,Engine,,,,Southampton,New York City
Hedley Robert,1867,,45,,Male,,Crew,Victualling,,,,Belfast,Southampton
Hedley William,1867,1940,44,73,Male,Married,Crew,Deck,,,,Belfast,Southampton
Heinen Joseph Dominichus,1882,1912,30,30,Male,Married,Crew,Victualling,,,,Southampton,
Hemming Samuel Ernest,1868,1928,43,59,Male,Married,Crew,Deck,,,,Belfast,New York City
Hendrickson Charles Osker,1883,1956,28,73,Male,Married,Crew,Engine,,,,Southampton,New York City
Hendy Edward Martin,1872,1912,39,39,Male,Married,Crew,Victualling,,,,Belfast,
Henry James,1856,,56,,Male,Married,Crew,Engine,,,,Belfast,Southampton
Hensford Herbert George Ernest,1885,1912,26,26,Male,Married,Crew,Victualling,,,,Southampton,
Hepburn William Spence,1883,,28,,Male,,Crew,Engine,,,,Belfast,Southampton
Herd Hugh,1877,,35,,Male,,Crew,Engine,,,,Belfast,Southampton
Hesketh John Henry,1879,1912,33,33,Male,Single,Crew,Engine,,,,Belfast,
Heslin James,1861,1912,51,51,Male,Married,Crew,Engine,,,,Southampton,
Hewitt Thomas,1875,1912,37,37,Male,Married,Crew,Victualling,,,,Belfast,
Hichens Robert,1882,1940,29,58,Male,Married,Crew,Deck,,,,Southampton,New York City
Hill Henry Parkinson,1875,1912,37,37,Male,Married,Crew,Victualling,,,,Southampton,
Hill James,1887,1912,25,25,Male,,Crew,Engine,,,,Southampton,
Hill James Colston,1869,1912,43,43,Male,Married,Crew,Victualling,,,,Belfast,
Hinckley George Herbert,1872,1912,40,40,Male,Single,Crew,Victualling,,,,Southampton,
Hinds Charles,1870,,42,,Male,,Crew,Deck,,,,Belfast,Southampton
Hine William Edward,1876,1912,36,36,Male,Single,Crew,Victualling,,,,Southampton,
Hinton Stephen William,1881,1912,30,30,Male,Single,Crew,Engine,,,,Southampton,
Hiscock Sydney George,1887,1912,25,25,Male,Single,Crew,Victualling,,,,Southampton,
Hoare Leonard James,1893,1912,18,18,Male,Single,Crew,Victualling,,,,Belfast,
Hodge Charley,1883,1912,29,29,Male,Married,Crew,Engine,,,,Belfast,
Hodges W.,1886,1912,26,26,Male,Single,Crew,Engine,,,,Southampton,
Hodgkinson Leonard,1866,1912,46,46,Male,Married,Crew,Engine,,,,Belfast,
Hogan Albert John,1893,1912,19,19,Male,Single,Crew,Victualling,,,,Southampton,
Hogg Charles William,1868,1912,43,43,Male,Married,Crew,Victualling,,,,Southampton,
Hogg George Alfred,1883,1946,29,62,Male,Married,Crew,Deck,,,,Belfast,New York City
Hogue E.,1890,1912,22,22,Male,,Crew,Victualling,,,,Southampton,
Holland James,1882,,30,,Male,,Crew,Engine,,,,Belfast,Southampton
Holland T.,1884,,28,,Male,,Crew,Engine,,,,Belfast,Southampton
Holland Thomas,1883,1912,28,28,Male,Single,Crew,Victualling,,,,Belfast,
Holloway Sidney,1888,1912,24,24,Male,Single,Crew,Victualling,,,,Southampton,
Holman Harry,1883,1912,29,29,Male,Married,Crew,Deck,,,,Belfast,
Holman Percival Thomas,1887,1937,24,50,Male,,Crew,Engine,,,,Belfast,Southampton
Holme Nicholas Joseph,1876,1958,35,81,Male,Married,Crew,Engine,,,,Belfast,Southampton
Hopgood Roland John C.,1882,1912,29,29,Male,Single,Crew,Engine,,,,Southampton,
Hopkins Frederick William,1897,1912,14,14,Male,,Crew,Victualling,,,,Southampton,
Hopkins Robert John,1868,1943,43,74,Male,Widowed,Crew,Deck,,,,Belfast,New York City
Horner Alex,1874,,38,,Male,,Crew,Engine,,,,Belfast,Southampton
Horswill Albert Edward James,1879,1962,33,83,Male,Single,Crew,Deck,,,,Southampton,New York City
Hosking George Fox,1875,1912,36,36,Male,Married,Crew,Engine,,,,Belfast,
House William Charles,1866,1912,45,45,Male,Married,Crew,Victualling,,,,Belfast,
Howell Arthur Albert,1880,1912,31,31,Male,Married,Crew,Victualling,,,,Belfast,
Hughes William Thomas,1878,1912,34,34,Male,Engaged,Crew,Victualling,,,,Southampton,
Humby Frederick,1895,1912,17,17,Male,Single,Crew,Victualling,,,,Southampton,
Humphreys Humphrey,1880,1912,31,31,Male,Single,Crew,Victualling,,,,Southampton,
Humphreys Sidney,1859,1919,52,60,Male,Married,Crew,Deck,,,,Southampton,New York City
Hunt Albert Sylvanus,1889,1949,23,60,Male,Married,Crew,Engine,,,,Southampton,New York City
Hunt Tom,1884,1912,27,27,Male,Single,Crew,Engine,,,,Southampton,
Hurst Charles John,1871,1912,40,40,Male,Married,Crew,Engine,,,,Southampton,
Hurst Walter,1888,1964,23,76,Male,Married,Crew,Engine,,,,Southampton,New York City
Hutchinson John Hall,1884,1912,28,28,Male,Single,Crew,Deck,,,,Belfast,
Hutchison James,1881,1912,31,31,Male,Single,Crew,Victualling,,,,Southampton,
Hutton George,1875,,37,,Male,,Crew,Engine,,,,Belfast,Southampton
Hyland Leo James,1893,1974,19,81,Male,Single,Crew,Victualling,,,,Southampton,New York City
Ide Harry John,1880,1912,31,31,Male,Married,Crew,Victualling,,,,Southampton,
Ingram George,1892,1912,19,19,Male,Single,Crew,Engine,,,,Southampton,
Ingrouille Henry,1890,1912,21,21,Male,Single,Crew,Victualling,,,,Southampton,
Ings William Ernest,1892,1912,20,20,Male,Single,Crew,Victualling,,,,Southampton,
Instance Thomas,1881,1912,31,31,Male,Married,Crew,Engine,,,,Southampton,
Jackopson John Henry,1881,1912,30,30,Male,Married,Crew,Engine,,,,Southampton,
Jackson Cecil,1890,1912,22,22,Male,Single,Crew,Victualling,,,,Belfast,
Jago Joseph,1853,1912,59,59,Male,Married,Crew,Engine,,,,Southampton,
Jaillet Henri Marie,1873,1912,38,38,Male,Married,Crew,A la Carte,,,,Southampton,
James Thomas,1885,1912,27,27,Male,Married,Crew,Engine,,,,Southampton,
James Thomas,1876,,36,,Male,,Crew,Engine,,,,Belfast,Southampton
Jameson William,1864,,48,,Male,,Crew,Engine,,,,Belfast,Southampton
Janaway William Frank,1877,1912,35,35,Male,Married,Crew,Victualling,,,,Belfast,
Janin Claude Marie,1882,1912,29,29,Male,Married,Crew,A la Carte,,,,Southampton,
Jeffery William Alfred,1884,1912,28,28,Male,Single,Crew,A la Carte,,,,Southampton,
Jenner F.,1881,,31,,Male,,Crew,Deck,,,,Belfast,Southampton
Jenner Thomas Henry (Harry),1856,1912,55,55,Male,Married,Crew,Victualling,,,,Belfast,
Jensen Charles Valdemar,1887,1912,24,24,Male,Single,Crew,Victualling,,,,Southampton,
Jessop Violet Constance,1887,1971,24,83,Female,Single,Crew,Victualling,,,,Southampton,New York City
Jewell Archie,1888,1917,23,28,Male,Married,Crew,Deck,,,,Belfast,New York City
Joas Nicolas,1873,1912,39,39,Male,Married,Crew,Engine,,,,Southampton,
Johnstone James,1859,1943,52,84,Male,Married,Crew,Victualling,,,,Belfast,New York City
Jones Albert Hugh Brabner,1894,1912,17,17,Male,Single,Crew,Victualling,,,,Southampton,
Jones Arthur Ernest,1874,1912,37,37,Male,Single,Crew,Victualling,,,,Southampton,
Jones Harry Owen Glendower,1875,1912,36,36,Male,Married,Crew,Victualling,,,,Southampton,
Jones Thomas William,1877,1967,34,89,Male,Single,Crew,Deck,,,,Southampton,New York City
Jones Victor Reginald,1891,1912,20,20,Male,Single,Crew,Victualling,,,,Southampton,
Joseph Kirkpatrick,1875,,37,,Male,,Crew,Engine,,,,Belfast,Southampton
Jouannault Georges Jules,1887,1912,24,24,Male,,Crew,A la Carte,,,,Southampton,
Joughin Charles John,1878,1956,33,78,Male,Married,Crew,Victualling,,,,Belfast,New York City
Judd Charles Edward,1880,1960,31,80,Male,Married,Crew,Engine,,,,Southampton,New York City
Jukes Henry James,1873,1912,38,38,Male,Single,Crew,Engine,,,,Southampton,
Jupe Boylett Herbert,1881,1912,30,30,Male,Single,Crew,Engine,,,,Southampton,
Kasper F.,1872,,40,,Male,,Crew,Engine,,,,Southampton,New York City
Kavanagh William,1885,,26,,Male,Single,Crew,Deck,,,,Belfast,Southampton
Kearl Charles Henry,1868,1912,44,44,Male,Married,Crew,Engine,,,,Southampton,
Kearl George Edward,1886,1912,25,25,Male,Single,Crew,Engine,,,,Southampton,
Keegan James,1874,1912,38,38,Male,Married,Crew,Engine,,,,Southampton,
Keen Percy Edward,1881,1954,30,73,Male,Married,Crew,Victualling,,,,Southampton,New York City
Keenan John Patrick,1853,,58,,Male,Married,Crew,Engine,,,,Belfast,Southampton
Keenan Patrick,1881,,31,,Male,Married,Crew,Engine,,,,Belfast,Southampton
Keenan William,1875,1963,37,88,Male,Married,Crew,Engine,,,,Belfast,Southampton
Keenan William,1875,,36,,Male,,Crew,Engine,,,,Belfast,Southampton
Kelland Thomas,1892,1912,19,19,Male,Single,Crew,Victualling,,,,Southampton,
Kelly James,1868,1912,44,44,Male,Married,Crew,Engine,,,,Southampton,
Kelly William Patrick,1888,1912,23,23,Male,Single,Crew,Engine,,,,Belfast,
Kemish George,1889,1966,22,76,Male,Single,Crew,Engine,,,,Southampton,New York City
Kemp Thomas Hulman,1869,1912,43,43,Male,Married,Crew,Engine,,,,Belfast,
Kennell Charles,1882,1912,30,30,Male,,Crew,Victualling,,,,Southampton,
Kenzler August,1868,1912,44,44,Male,Married,Crew,Engine,,,,Belfast,
Kerley William Thomas,1884,1912,28,28,Male,Single,Crew,Victualling,,,,Southampton,
Kernaghan David,1875,1913,36,38,Male,Married,Crew,Engine,,,,Belfast,Southampton
Kerney William,1873,,39,,Male,,Crew,Engine,,,,Belfast,Southampton
Kerr Thomas Russell,1885,1912,26,26,Male,Married,Crew,Engine,,,,Southampton,
Ketchley Henry,1876,1912,36,36,Male,Married,Crew,Victualling,,,,Belfast,
Kieran Edgar Michael,1878,1912,34,34,Male,Married,Crew,Victualling,,,,Southampton,
Kieran James William,1877,1912,35,35,Male,Married,Crew,Victualling,,,,Southampton,
Kinchenten Frederick Charles,1875,1912,36,36,Male,Single,Crew,Engine,,,,Southampton,
King Alfred John Moffett,1893,1912,18,18,Male,Single,Crew,Victualling,,,,Southampton,
King Ernest Waldron,1884,1912,28,28,Male,Single,Crew,Victualling,,,,Southampton,
King Thomas Walter,1869,1912,42,42,Male,Widowed,Crew,Deck,,,,Southampton,
Kingscote William Ford,1864,1912,48,48,Male,Married,Crew,Victualling,,,,Southampton,
Kirkaldy Thomas Benjamin,1876,1912,35,35,Male,Married,Crew,Victualling,,,,Southampton,
Kirkham James,1868,1912,43,43,Male,Married,Crew,Engine,,,,Southampton,
Kitching Arthur Alfred,1881,1912,31,31,Male,Single,Crew,Victualling,,,,Southampton,
Klein Herbert,1878,1912,34,34,Male,Married,Crew,Victualling,,,,Southampton,
Knight George,1865,1945,46,79,Male,Married,Crew,Victualling,,,,Southampton,New York City
Knight Leonard George,1891,1912,21,21,Male,,Crew,Victualling,,,,Southampton,
Knowles Thomas,1867,1951,44,83,Male,Married,Crew,Engine,,,,Southampton,New York City
Lacey Bertie William,1892,1912,19,19,Male,Single,Crew,Victualling,,,,Southampton,
Lahy T.,1871,1912,41,41,Male,,Crew,Engine,,,,Southampton,
Lake William,1866,1912,46,46,Male,Single,Crew,Victualling,,,,Belfast,
Lane Albert Edward,1879,1912,33,33,Male,Married,Crew,Victualling,,,,Southampton,
Latimer Andrew,1857,1912,55,55,Male,Married,Crew,Victualling,,,,Belfast,
Lavington Elizabeth,1872,1949,40,77,Female,Single,Crew,Victualling,,,,Southampton,New York City
Lawrance Arthur,1875,1912,36,36,Male,Married,Crew,Victualling,,,,Belfast,
Leader Archibald,1889,1912,22,22,Male,Single,Crew,Victualling,,,,Southampton,
Leather Elizabeth Mary,1861,1937,50,76,Female,Married,Crew,Victualling,,,,Southampton,New York City
Lee Henry Reginald,1882,1965,29,82,Male,Married,Crew,Victualling,,,,Southampton,New York City
Lee Herbert Henry,1894,1912,17,17,Male,Single,Crew,Engine,,,,Southampton,
Lee Reginald Robinson,1870,1913,41,43,Male,Married,Crew,Deck,,,,Southampton,New York City
Lefebvre Paul Georges,1876,1912,35,35,Male,Single,Crew,Victualling,,,,Southampton,
Leonard Matthew,1886,1912,25,25,Male,Single,Crew,Victualling,,,,Belfast,
Levett George Alfred,1886,1912,25,25,Male,Married,Crew,Victualling,,,,Belfast,
Lewis Arthur Ernest Read,1884,1973,27,88,Male,Married,Crew,Victualling,,,,Southampton,New York City
Lewis James,1871,1917,40,46,Male,Married,Crew,Engine,,,,Belfast,Southampton
Light Charles Edward,1888,1912,24,24,Male,,Crew,Victualling,,,,Southampton,
Light Christopher William,1891,1912,20,20,Male,Single,Crew,Engine,,,,Southampton,
Light W.,1865,1912,47,47,Male,Married,Crew,Engine,,,,Southampton,
Lindsay William Charles,1881,1960,30,79,Male,Married,Crew,Engine,,,,Southampton,New York City
Little James,1863,,49,,Male,,Crew,Engine,,,,Belfast,Southampton
Littlejohn Alexander James,1872,1949,40,77,Male,Widowed,Crew,Victualling,,,,Belfast,New York City
Lloyd Humphrey,1871,1912,41,41,Male,Single,Crew,Victualling,,,,Belfast,
Long Frank,1880,1912,31,31,Male,Married,Crew,Engine,,,,Southampton,
Long William,1876,1912,36,36,Male,Married,Crew,Engine,,,,Southampton,
Longmuir John Dickson,1892,1912,19,19,Male,Single,Crew,Victualling,,,,Southampton,
Loughran Joseph,1883,1950,29,66,Male,Married,Crew,Engine,,,,Belfast,Southampton
Lovell John,1875,1912,37,37,Male,Single,Crew,Victualling,,,,Southampton,
Lowery David,1880,1916,31,36,Male,Single,Crew,Engine,,,,Belfast,Southampton
Lucas William Arthur,1886,1921,25,35,Male,,Crew,Deck,,,,Southampton,New York City
Lucas William Watson,1881,1944,31,63,Male,Single,Crew,Victualling,,,,Belfast,New York City
Lydiatt Charles,1867,1912,45,45,Male,Married,Crew,Victualling,,,,Southampton,
Lyons William Henry,1886,1912,25,25,Male,Single,Crew,Deck,,,,Southampton,
Lytle Thomas,1881,,31,,Male,,Crew,Engine,,,,Belfast,Southampton
Lyttle James,1881,1975,30,93,Male,Married,Crew,Engine,,,,Belfast,Southampton
Mabey John Charles,1888,1912,23,23,Male,Single,Crew,Victualling,,,,Southampton,
MacIntosh Joseph,1851,1938,60,86,Male,Married,Crew,Deck,,,,Belfast,Southampton
Mackie George William,1877,1912,34,34,Male,Married,Crew,Victualling,,,,Southampton,
Mackie William Dickson,1879,1912,32,32,Male,Widowed,Crew,Engine,,,,Belfast,
Magill John,1874,,37,,Male,Married,Crew,Engine,,,,Belfast,Southampton
Major Thomas Edgar,1876,1912,35,35,Male,Married,Crew,Victualling,,,,Belfast,
Major William James,1880,1960,32,80,Male,Married,Crew,Engine,,,,Southampton,New York City
Mann Joseph,1885,1955,26,70,Male,Married,Crew,Deck,,,,Belfast,Southampton
Mann Samuel,1872,,40,,Male,,Crew,Engine,,,,Belfast,Southampton
Mantle Roland Frederick,1871,1912,40,40,Male,Married,Crew,Victualling,,,,Southampton,
Marett George John,1885,1912,26,26,Male,,Crew,Engine,,,,Southampton,
Marks James,1884,1912,27,27,Male,Married,Crew,Victualling,,,,Southampton,
Marriott John William,1891,1912,21,21,Male,Single,Crew,Victualling,,,,Southampton,
Marsden Evelyn,1883,1938,28,54,Female,Engaged,Crew,Victualling,,,,Southampton,New York City
Marsh Frederick Charles,1872,1912,39,39,Male,Married,Crew,Engine,,,,Southampton,
Martin Annie Martha,1872,1936,39,64,Female,Married,Crew,Victualling,,,,Southampton,New York City
Martin John,1879,1951,33,72,Male,Married,Crew,Engine,,,,Belfast,Southampton
Martin Mabel Elvina,1892,1960,20,68,Female,Single,Crew,A la Carte,,,,Southampton,New York City
Maskell Leopold Adolphus,1887,1912,25,25,Male,Married,Crew,Engine,,,,Southampton,
Mason Frank Archibald Robert,1880,1953,32,72,Male,Married,Crew,Engine,,,,Southampton,New York City
Mason J.,1873,1912,39,39,Male,Widowed,Crew,Engine,,,,Southampton,
Massey James,1874,,37,,Male,Single,Crew,Engine,,,,Belfast,Southampton
Mathers John,1887,1945,24,57,Male,Married,Crew,Engine,,,,Belfast,Southampton
Matherson David,1878,1912,33,33,Male,Single,Crew,Deck,,,,Southampton,
Mathias Montague Vincent,1883,1912,29,29,Male,Married,Crew,Deck,,,,Southampton,
Mattmann Adolf,1891,1912,20,20,Male,Single,Crew,A la Carte,,,,Southampton,
Maugé Paul Achille Maurice Germain,1887,1971,25,83,Male,Single,Crew,A la Carte,,,,Southampton,New York City
Mawhinney John,1855,1918,57,63,Male,Married,Crew,Deck,,,,Belfast,Southampton
Maxwell John,1882,1912,29,29,Male,Married,Crew,Deck,,,,Belfast,
Maxwell William,1873,,39,,Male,,Crew,Engine,,,,Belfast,Southampton
May Arthur William,1890,1912,22,22,Male,Married,Crew,Engine,,,,Southampton,
May Arthur William,1852,1912,59,59,Male,Married,Crew,Engine,,,,Southampton,
Mayes William,1883,1926,29,43,Male,Single,Crew,Engine,,,,Belfast,Southampton
Maynard Isaac Hiram,1880,1948,31,67,Male,Married,Crew,Victualling,,,,Belfast,New York City
Mayo William Peter,1884,1912,27,27,Male,Married,Crew,Engine,,,,Southampton,
Maytum Alfred,1859,1912,53,53,Male,Married,Crew,Victualling,,,,Belfast,
Mayzes Thomas Jubilee,1887,1928,25,40,Male,Married,Crew,Engine,,,,Southampton,New York City
McAllister Daniel,1883,1922,29,39,Male,Married,Crew,Engine,,,,Belfast,Southampton
McAllister Hugh,1872,1939,39,67,Male,Married,Crew,Engine,,,,Belfast,Southampton
McAndrew Thomas Patrick,1874,1912,38,38,Male,Single,Crew,Engine,,,,Southampton,
McAndrews William,1889,1912,23,23,Male,,Crew,Engine,,,,Southampton,
McAnespie James,1860,1931,52,71,Male,,Crew,Deck,,,,Belfast,Southampton
McArthur James,1880,1942,32,62,Male,,Crew,Engine,,,,Belfast,Southampton
McAteer John,1875,1948,37,73,Male,Married,Crew,Engine,,,,Belfast,Southampton
McBarty Thomas,,,,,Male,,Crew,Engine,,,,Belfast,Southampton
McCarron David John,1878,1918,33,39,Male,Married,Crew,Engine,,,,Belfast,Southampton
McCarthy William,1863,1932,48,68,Male,,Crew,Deck,,,,Southampton,New York City
McCartney John,1860,,52,,Male,Married,Crew,Deck,,,,Belfast,Southampton
McCarty Frederick James,1873,1912,38,38,Male,Married,Crew,Victualling,,,,Southampton,
McCastlin William,1883,1912,28,28,Male,Married,Crew,Engine,,,,Southampton,
McCawley Thomas W.,1876,1912,36,36,Male,,Crew,Victualling,,,,Belfast,
McDonald Daniel,1884,1915,28,30,Male,,Crew,Engine,,,,Belfast,Southampton
McDonald George,1882,,30,,Male,,Crew,Engine,,,,Belfast,Southampton
McElroy Hugh Walter,1874,1912,37,37,Male,Married,Crew,Victualling,,,,Southampton,
McEntee Charles Edward,1872,1940,40,67,Male,,Crew,Engine,,,,Belfast,Southampton
McErlean John,1860,1915,51,54,Male,Married,Crew,Engine,,,,Belfast,Southampton
McGann James,1882,1918,29,35,Male,Single,Crew,Engine,,,,Southampton,New York City
McGarvey Edward Joseph,1878,1912,34,34,Male,Married,Crew,Engine,,,,Southampton,
McGaw Erroll Victor,1882,1912,30,30,Male,Married,Crew,Engine,,,,Southampton,
McGaw Samuel,1877,1961,34,83,Male,Married,Crew,Engine,,,,Belfast,Southampton
McGee Patrick,1879,,33,,Male,Married,Crew,Engine,,,,Belfast,Southampton
McGee Samuel,1864,,48,,Male,,Crew,Engine,,,,Belfast,Southampton
McGill Thomas,1883,,29,,Male,,Crew,Engine,,,,Belfast,Southampton
McGivern Henry,1871,,41,,Male,,Crew,Engine,,,,Belfast,Southampton
McGivern Thomas,1869,,43,,Male,,Crew,Engine,,,,Belfast,Southampton
McGonigal William,1857,,55,,Male,Married,Crew,Deck,,,,Belfast,Southampton
McGough Francis,1886,1956,25,70,Male,Married,Crew,Engine,,,,Belfast,Southampton
McGough George Francis 'Paddy',1875,1940,36,64,Male,Married,Crew,Deck,,,,Southampton,New York City
McGown Barney,1869,,43,,Male,,Crew,Engine,,,,Belfast,Southampton
McGrady James,1885,1912,27,27,Male,Single,Crew,Victualling,,,,Southampton,
McGreevy Richard,1886,1913,25,26,Male,Married,Crew,Engine,,,,Belfast,Southampton
McGrogan John,1861,1933,51,72,Male,Married,Crew,Engine,,,,Belfast,Southampton
McIlroy Bernard,1885,1961,26,76,Male,Married,Crew,Engine,,,,Belfast,Southampton
McIlroy James,1866,,45,,Male,Married,Crew,Engine,,,,Belfast,Southampton
McIlroy Robert David,1887,,24,,Male,Married,Crew,Engine,,,,Belfast,Southampton
McIlroy William,1872,,40,,Male,,Crew,Engine,,,,Belfast,Southampton
McIlwaine James,1887,,25,,Male,,Crew,Engine,,,,Belfast,Southampton
McInerney Thomas,1873,1912,38,38,Male,Widowed,Crew,Engine,,,,Southampton,
McIntyre William,1890,1965,21,75,Male,Single,Crew,Engine,,,,Southampton,New York City
McKay Charles Donald,1882,1956,30,74,Male,Married,Crew,Victualling,,,,Belfast,New York City
McKenna Barney,1880,1922,32,42,Male,Married,Crew,Engine,,,,Belfast,Southampton
McKenna Patrick,1872,,40,,Male,,Crew,Deck,,,,Belfast,Southampton
McKinney Peter,1874,1928,37,54,Male,Single,Crew,Engine,,,,Belfast,Southampton
McKinstry Charles Frederick,1871,1929,40,57,Male,Married,Crew,Engine,,,,Belfast,Southampton
McLaren Hypatia,1869,1959,42,89,Female,Married,Crew,Victualling,,,,Southampton,New York City
McMicken Arthur,1885,1958,26,72,Male,Single,Crew,Victualling,,,,Belfast,New York City
McMicken Benjamin Tucker,1891,1912,21,21,Male,Single,Crew,Victualling,,,,Belfast,
McMillen Samuel,1883,1973,28,90,Male,Single,Crew,Engine,,,,Belfast,Southampton
McMillen Thomas,1857,,55,,Male,,Crew,Engine,,,,Belfast,Southampton
McMillen William John,1876,1956,36,80,Male,Married,Crew,Engine,,,,Belfast,Southampton
McMullan Patrick,1882,,30,,Male,,Crew,Engine,,,,Belfast,Southampton
McMullan Richard,1892,1951,19,58,Male,Single,Crew,Engine,,,,Belfast,Southampton
McMullan William,1872,,40,,Male,,Crew,Engine,,,,Belfast,Southampton
McMullin John Richard,1876,1912,36,36,Male,Single,Crew,Victualling,,,,Belfast,
McMurray William,1868,1912,44,44,Male,Married,Crew,Victualling,,,,Belfast,
McQuillan William,1886,1912,26,26,Male,Married,Crew,Engine,,,,Belfast,
McRae William Alexander,1880,1912,32,32,Male,Married,Crew,Engine,,,,Southampton,
McReynolds William Thomas Carson,1889,1912,22,22,Male,Single,Crew,Engine,,,,Belfast,
Mechan William,1874,,38,,Male,,Crew,Engine,,,,Belfast,Southampton
Mellor Arthur,1878,1912,34,34,Male,Single,Crew,Victualling,,,,Southampton,
Middleton Alfred Pirrie,1884,1912,27,27,Male,Single,Crew,Engine,,,,Belfast,
Middleton Mark Victor,1887,1912,24,24,Male,Single,Crew,Victualling,,,,Southampton,
Milford Daniel,1889,1958,22,69,Male,Single,Crew,Deck,,,,Belfast,Southampton
Milford George,1884,1912,27,27,Male,Married,Crew,Engine,,,,Southampton,
Millar Robert,1885,1912,26,26,Male,Single,Crew,Engine,,,,Belfast,
Millar Thomas,1879,1912,32,32,Male,Widowed,Crew,Engine,,,,Belfast,
Miller William Middleton,1883,,28,,Male,Married,Crew,Engine,,,,Belfast,Southampton
Mills Christopher,1860,1930,51,70,Male,Married,Crew,Victualling,,,,Southampton,New York City
Mintram William,1866,1912,46,46,Male,Widowed,Crew,Engine,,,,Southampton,
Mish'al?n? Ibr?h?m Mans?r,1858,1912,53,53,Male,Married,Crew,Victualling,,,,Belfast,
Mitchell Lorenzo Horace,1893,1912,19,19,Male,Single,Crew,Engine,,,,Southampton,
Monrós Joan Javier,1892,1912,20,20,Male,Single,Crew,A la Carte,,,,Southampton,
Monteverdi Giovanni,1889,1912,23,23,Male,Single,Crew,A la Carte,,,,Southampton,
Moore Alfred Ernest,1873,1912,38,38,Male,Married,Crew,Victualling,,,,Southampton,
Moore George Alfred,1880,1943,32,63,Male,Married,Crew,Deck,,,,Southampton,New York City
Moore J.,1883,1954,29,70,Male,,Crew,Engine,,,,Southampton,New York City
Moore Ralph,1890,1912,22,22,Male,Single,Crew,Engine,,,,Southampton,
Moores Richard Henry,1868,1912,44,44,Male,Widowed,Crew,Engine,,,,Southampton,
Morgan (Bird) Charles Frederick,1868,1912,44,44,Male,Married,Crew,Victualling,,,,Southampton,
Morgan Arthur Herbert,1885,1912,27,27,Male,Married,Crew,Engine,,,,Southampton,
Morgan Patrick,1885,,26,,Male,Married,Crew,Engine,,,,Belfast,Southampton
Morgan Thomas A.,1886,1912,26,26,Male,Single,Crew,Engine,,,,Southampton,
Morrell James,1887,,24,,Male,,Crew,Deck,,,,Belfast,Southampton
Morris Frank Herbert,1883,1954,28,70,Male,Single,Crew,Victualling,,,,Belfast,New York City
Morris William Edward,1889,1912,23,23,Male,Single,Crew,Engine,,,,Southampton,
Morrison Thomas,1886,,26,,Male,,Crew,Engine,,,,Belfast,Southampton
Moss William,1876,1912,35,35,Male,Married,Crew,Victualling,,,,Belfast,
Moyes William Young,1887,1912,24,24,Male,Single,Crew,Engine,,,,Belfast,
Mulholland Joseph,1883,,28,,Male,Single,Crew,Engine,,,,Belfast,Southampton
Mullholland Daniel,1852,1919,60,67,Male,Widowed,Crew,Engine,,,,Belfast,Southampton
Mullin Thomas,1891,1912,20,20,Male,Single,Crew,Victualling,,,,Southampton,
Murdock William John,1874,1941,37,66,Male,Married,Crew,Engine,,,,Belfast,New York City
Murphy Thomas,1877,,35,,Male,,Crew,Engine,,,,Belfast,Southampton
Müller Ludwig,1875,1912,37,37,Male,Single,Crew,Victualling,,,,Southampton,
Nannini Francesco Luigi Arcangelo,1870,1912,42,42,Male,Married,Crew,A la Carte,,,,Southampton,
Neal Harold Bentley,1886,1950,25,63,Male,Married,Crew,Victualling,,,,Southampton,New York City
Neill Thomas,1870,,42,,Male,,Crew,Engine,,,,Belfast,Southampton
Nettleton George Walter,1882,1912,30,30,Male,Single,Crew,Engine,,,,Southampton,
Newman Charles Thomas,1879,1912,32,32,Male,Single,Crew,Engine,,,,Southampton,
Nicholls Sidney,1873,1912,39,39,Male,,Crew,Victualling,,,,Southampton,
Nichols Albert William Stanley,1864,1912,47,47,Male,Married,Crew,Deck,,,,Belfast,
Nichols Arthur,1866,1912,45,45,Male,Married,Crew,Victualling,,,,Southampton,
Nichols Walter Henry,1876,1960,35,83,Male,Married,Crew,Victualling,,,,Southampton,New York City
Niven John Brown,1881,1912,30,30,Male,Married,Crew,Engine,,,,Southampton,
Nolan Michael Bernard,1872,1941,40,68,Male,Married,Crew,Engine,,,,Belfast,Southampton
Noon John Thomas,1870,1912,42,42,Male,Widowed,Crew,Engine,,,,Southampton,
Norris James,1890,1912,22,22,Male,Married,Crew,Engine,,,,Southampton,
Noss Bertram Arthur,1892,1912,20,20,Male,Single,Crew,Engine,,,,Southampton,
Noss Henry,1881,1961,30,79,Male,Married,Crew,Engine,,,,Southampton,New York City
Nutbean William,1881,1947,30,65,Male,Married,Crew,Engine,,,,Southampton,New York City
O'Connor Thomas Peter,1868,1912,44,44,Male,Married,Crew,Victualling,,,,Belfast,
O'Loughlin William Francis Norman,1849,1912,63,63,Male,Single,Crew,Deck,,,,Belfast,
Olive Charles,1881,1912,31,31,Male,Married,Crew,Engine,,,,Southampton,
Olive Ernest Roskelly,1885,1912,27,27,Male,Single,Crew,Victualling,,,,Southampton,
Oliver Harry,1871,1944,41,72,Male,Married,Crew,Engine,,,,Southampton,New York City
Olliver Alfred John,1884,1934,27,50,Male,,Crew,Deck,,,,Belfast,New York City
Orpet Walter Hayward,1881,1912,31,31,Male,Single,Crew,Victualling,,,,Southampton,
Orr James,1872,1912,39,39,Male,Single,Crew,Victualling,,,,Southampton,
Osborne William Edward,1879,1912,33,33,Male,Single,Crew,Victualling,,,,Belfast,
Osman Frank,1885,1938,27,53,Male,Married,Crew,Deck,,,,Southampton,New York City
Othen Charles Alfred,1876,1952,36,76,Male,Married,Crew,Engine,,,,Southampton,New York City
Owen Lewis,1862,1912,49,49,Male,Married,Crew,Victualling,,,,Southampton,
Pacey Reginald lvan,1894,1912,17,17,Male,Single,Crew,Victualling,,,,Southampton,
Pachera Jean Baptiste Stanislas,1892,1912,19,19,Male,,Crew,A la Carte,,,,Southampton,
Paice Richard Charles John,1880,1912,32,32,Male,Married,Crew,Engine,,,,Southampton,
Painter Charles,1880,1912,32,32,Male,Married,Crew,Engine,,,,Southampton,
Painter Frank,1883,1912,28,28,Male,Married,Crew,Engine,,,,Southampton,
Paintin James Arthur,1882,1912,29,29,Male,Married,Crew,Victualling,,,,Southampton,
Palles Thomas Henry Michael,1867,1912,45,45,Male,Single,Crew,Engine,,,,Belfast,
Parsons Edward,1874,1912,37,37,Male,Married,Crew,Victualling,,,,Southampton,
Parsons Frank Alfred,1885,1912,26,26,Male,Married,Crew,Engine,,,,Belfast,
Parsons Richard Henry,1893,1912,18,18,Male,Single,Crew,Victualling,,,,Southampton,
Pascoe Charles Henry,1867,1937,45,69,Male,Single,Crew,Deck,,,,Southampton,New York City
Patton Matthew,1886,1948,26,63,Male,Single,Crew,Engine,,,,Belfast,Southampton
Pearce Alfred Ernest,1887,1912,24,24,Male,Single,Crew,Victualling,,,,Southampton,
Pearce John,1878,1933,33,54,Male,Single,Crew,Engine,,,,Southampton,New York City
Pearcey Albert Victor,1887,1952,25,65,Male,,Crew,Victualling,,,,Southampton,New York City
Pedrini Alessandro,1890,1912,21,21,Male,Single,Crew,A la Carte,,,,Southampton,
Pelham George,1873,1939,39,66,Male,Married,Crew,Engine,,,,Southampton,New York City
Pennal Thomas Frederick Cohen,1878,1912,34,34,Male,Married,Crew,Victualling,,,,Southampton,
Penny William Farr,1880,1912,31,31,Male,Married,Crew,Victualling,,,,Southampton,
Penrose John Poole,1863,1912,49,49,Male,Married,Crew,Victualling,,,,Belfast,
Peracchio Alberto,1892,1912,20,20,Male,Single,Crew,A la Carte,,,,Southampton,
Peracchio Sebastiano,1894,1912,17,17,Male,Single,Crew,A la Carte,,,,Southampton,
Perkins Laurence Alexander,1890,1912,22,22,Male,Single,Crew,Victualling,,,,Southampton,
Perkis Walter John,1874,1954,37,79,Male,Married,Crew,Deck,,,,Belfast,New York City
Perotti Alfonso,1891,1912,20,20,Male,Single,Crew,A la Carte,,,,Southampton,
Perren William Charles,1864,1912,47,47,Male,Married,Crew,Victualling,,,,Southampton,
Perriton Hubert Prouse,1880,1912,32,32,Male,Single,Crew,Victualling,,,,Southampton,
Perry Edgar Lionel,1892,1940,19,48,Male,Single,Crew,Engine,,,,Southampton,New York City
Perry Henry Frederick,1889,1912,23,23,Male,Single,Crew,Engine,,,,Southampton,
Peters William Chapman,1886,1950,26,64,Male,,Crew,Deck,,,,Southampton,New York City
Petty Edwin Henry,1887,1912,25,25,Male,Single,Crew,Victualling,,,,Southampton,
Pfropper Richard Paul Jozef,1882,1964,30,81,Male,Single,Crew,Victualling,,,,Southampton,New York City
Phillimore Harold Charles William,1888,1967,23,78,Male,Single,Crew,Victualling,,,,Belfast,New York City
Phillips George,1885,1912,27,27,Male,,Crew,Engine,,,,Southampton,
Phillips James,1885,,27,,Male,,Crew,Engine,,,,Belfast,Southampton
Phillips John George,1887,1912,25,25,Male,Single,Crew,Victualling,,,,Belfast,
Phillips Walter John,1875,1912,37,37,Male,Married,Crew,A la Carte,,,,Southampton,
Phillips William,1886,,26,,Male,,Crew,Engine,,,,Belfast,Southampton
Piatti Louis,1895,1912,17,17,Male,Single,Crew,A la Carte,,,,Southampton,
Piazza Pompeo Gaspro,1879,1912,33,33,Male,Married,Crew,A la Carte,,,,Southampton,
Pidgeon William,1865,1922,46,57,Male,Married,Crew,Engine,,,,Belfast,Southampton
Pierce Robert,1872,,40,,Male,,Crew,Engine,,,,Belfast,Southampton
Pitfield William James,1886,1912,25,25,Male,Married,Crew,Engine,,,,Southampton,
Platt Wilfred George,1894,1912,17,17,Male,Single,Crew,Victualling,,,,Southampton,
Podesta Alfred John Alexander,1887,1968,24,80,Male,Engaged,Crew,Engine,,,,Southampton,New York City
Poggi Emilio,1883,1912,28,28,Male,Single,Crew,A la Carte,,,,Southampton,
Poingdestre John Thomas,1884,,27,,Male,Married,Crew,Deck,,,,Southampton,New York City
Pond George,1879,1912,32,32,Male,Single,Crew,Engine,,,,Southampton,
Pook Percy Robert,1876,1912,36,36,Male,Single,Crew,Victualling,,,,Southampton,
Port Frank,1889,1943,22,54,Male,Single,Crew,Victualling,,,,Southampton,New York City
Porteus Thomas Henry,1878,1912,33,33,Male,Single,Crew,Victualling,,,,Southampton,
Prangnell George Alexander,1881,1953,30,71,Male,Married,Crew,Engine,,,,Southampton,New York City
Prentice Frank Winnold,1889,1982,23,93,Male,Single,Crew,Victualling,,,,Southampton,New York City
Preston Thomas Charles Alfred,1891,1912,20,20,Male,Single,Crew,Engine,,,,Southampton,
Price Ernest Cyril,1895,1912,17,17,Male,Single,Crew,A la Carte,,,,Southampton,
Prichard Alice Maud,1875,1948,36,73,Female,Married,Crew,Victualling,,,,Southampton,New York City
Prideaux John Arthur (Jack),1888,1912,23,23,Male,Single,Crew,Victualling,,,,Southampton,
Priest Arthur John,1887,1937,24,49,Male,Single,Crew,Engine,,,,Southampton,New York City
Prior Harold John Arnold,1891,1949,20,57,Male,Single,Crew,Victualling,,,,Southampton,New York City
Proctor Charles,1866,1912,45,45,Male,Married,Crew,Victualling,,,,Belfast,
Proudfoot Richard Royston,1890,1912,21,21,Male,Single,Crew,Engine,,,,Southampton,
Pryce Charles William,1889,1912,22,22,Male,Married,Crew,Victualling,,,,Southampton,
Pugh Alfred,1891,1962,20,71,Male,Single,Crew,Victualling,,,,Southampton,New York City
Pugh Arthur Percy,1881,1912,31,31,Male,Single,Crew,Engine,,,,Southampton,
Pusey William Robert Holland,1890,1918,22,28,Male,Married,Crew,Engine,,,,Southampton,New York City
Puzey John Edward,1868,1912,44,44,Male,Married,Crew,Victualling,,,,Belfast,
Quinn John,1876,,36,,Male,,Crew,Engine,,,,Belfast,Southampton
Randall Frank Henry,1883,1912,29,29,Male,Married,Crew,Victualling,,,,Southampton,
Ranger Thomas,1882,1964,29,81,Male,Married,Crew,Engine,,,,Southampton,New York City
Ransom James,1862,1912,49,49,Male,Married,Crew,Victualling,,,,Belfast,
Rattenbury William Henry,1874,1912,38,38,Male,Married,Crew,Victualling,,,,Belfast,
Ratti Enrico,1890,1912,21,21,Male,Single,Crew,A la Carte,,,,Southampton,
Ray Frederick Dent,1879,1977,32,97,Male,Married,Crew,Victualling,,,,Belfast,New York City
Read Joseph,1891,1912,20,20,Male,,Crew,Engine,,,,Southampton,
Reed Thomas Charles Prowse,1857,1912,54,54,Male,Married,Crew,Victualling,,,,Southampton,
Reeves Frederick Simms,1878,1912,34,34,Male,Married,Crew,Engine,,,,Southampton,
Reeves Frederick Vernon Hilton,1891,1912,20,20,Male,Single,Crew,Victualling,,,,Belfast,
Reid James,1876,,36,,Male,,Crew,Engine,,,,Belfast,Southampton
Reid Robert Thomas,1881,1912,31,31,Male,Single,Crew,Engine,,,,Southampton,
Rentowl Philip Charles Thomas,1886,1912,26,26,Male,Single,Crew,Engine,,,,Southampton,
Revell William James Francis,1880,1912,31,31,Male,Married,Crew,Victualling,,,,Belfast,
Ricaldone Rinaldo Renato,1889,1912,22,22,Male,Single,Crew,A la Carte,,,,Southampton,
Rice Charles John,1880,1949,32,68,Male,,Crew,Engine,,,,Southampton,New York City
Rice John Reginald,1886,1912,25,25,Male,Engaged,Crew,Victualling,,,,Southampton,
Rice Percy,1893,1912,19,19,Male,Single,Crew,Victualling,,,,Southampton,
Richards Joseph James,1882,1912,30,30,Male,Married,Crew,Engine,,,,Southampton,
Rickman George Albert,1876,1912,36,36,Male,Married,Crew,Engine,,,,Southampton,
Ricks Cyril Gordon,1890,1912,22,22,Male,Single,Crew,Victualling,,,,Southampton,
Ridout Walter George,1882,1912,29,29,Male,Single,Crew,Victualling,,,,Southampton,
Rigozzi Abele,1890,1912,22,22,Male,Single,Crew,A la Carte,,,,Southampton,
Rimmer Gilbert,1883,1912,29,29,Male,Married,Crew,Victualling,,,,Southampton,
Roberton George Edward,1892,1912,19,19,Male,Single,Crew,Victualling,,,,Southampton,
Roberts Frank John,1875,1912,36,36,Male,Married,Crew,Victualling,,,,Belfast,
Roberts Hugh H.,1871,1912,40,40,Male,Married,Crew,Victualling,,,,Belfast,
Roberts Mary Kezia,1870,1932,41,61,Female,Married,Crew,Victualling,,,,Southampton,New York City
Roberts Robert George,1877,1912,35,35,Male,Married,Crew,Engine,,,,Southampton,
Robinson Annie,1865,1914,47,49,Female,Married,Crew,Victualling,,,,Southampton,New York City
Robinson James William,1881,1912,30,30,Male,Married,Crew,Victualling,,,,Southampton,
Robinson Samuel,1869,,43,,Male,,Crew,Deck,,,,Belfast,Southampton
Robinson Thomas,1882,,30,,Male,,Crew,Engine,,,,Belfast,Southampton
Rogan Patrick,1869,,43,,Male,,Crew,Engine,,,,Belfast,Southampton
Rogers Edward James William,1880,1912,31,31,Male,Married,Crew,Victualling,,,,Southampton,
Rogers Michael Joseph,1885,1912,26,26,Male,Engaged,Crew,Victualling,,,,Southampton,
Ross Horace Leopold,1874,1940,38,66,Male,Married,Crew,Victualling,,,,Southampton,New York City
Rotta Angelo Mario,1888,1912,23,23,Male,Single,Crew,A la Carte,,,,Southampton,
Rous Arthur John,1886,1912,26,26,Male,Single,Crew,Engine,,,,Belfast,
Rousseau Pierre,1863,1912,48,48,Male,Married,Crew,A la Carte,,,,Southampton,
Rowe Edgar Maurice,1880,1912,31,31,Male,Single,Crew,Victualling,,,,Belfast,
Rowe George Thomas,1881,1974,31,92,Male,Single,Crew,Deck,,,,Belfast,New York City
Rudd Henry,1888,1912,24,24,Male,Single,Crew,Engine,,,,Southampton,
Rule Samuel James,1854,1915,58,61,Male,Married,Crew,Victualling,,,,Belfast,New York City
Russell Boysie Richard,1894,1912,17,17,Male,Single,Crew,Victualling,,,,Southampton,
Rutter Sidney Frank,1885,1912,26,26,Male,Married,Crew,Engine,,,,Southampton,
Ryan Thomas,1884,1912,28,28,Male,Married,Crew,Victualling,,,,Southampton,
Ryerson William Edwy,1878,1949,33,71,Male,Married,Crew,Victualling,,,,Southampton,New York City
Saccaggi Giovanni Giuseppe Emilio,1887,1912,24,24,Male,Married,Crew,A la Carte,,,,Southampton,
Salussolia Govanni,1886,1912,25,25,Male,Single,Crew,A la Carte,,,,Southampton,
Samuel Owen Wilmore,1865,1912,47,47,Male,Married,Crew,Victualling,,,,Southampton,
Sangster Charles Edward,1882,1912,30,30,Male,Widowed,Crew,Engine,,,,Southampton,
Sartori Lazar,1888,1912,24,24,Male,,Crew,A la Carte,,,,Southampton,
Saunders F.,1890,1912,22,22,Male,Single,Crew,Engine,,,,Southampton,
Saunders Walter Ernest,1886,1912,25,25,Male,Married,Crew,Engine,,,,Southampton,
Saunders William Ernest,1879,1912,32,32,Male,Single,Crew,Victualling,,,,Southampton,
Saunders William Henry,1881,1912,31,31,Male,Single,Crew,Engine,,,,Southampton,
Savage Charles James,1888,1957,23,68,Male,Single,Crew,Victualling,,,,Southampton,New York City
Sawyer Robert James,1880,1912,31,31,Male,Married,Crew,Deck,,,,Southampton,
Scarrott Joseph George,1878,1938,33,60,Male,Married,Crew,Deck,,,,Southampton,New York City
Scavino Candido,1869,1912,42,42,Male,Married,Crew,A la Carte,,,,Southampton,
Scott Archibald,1870,1912,42,42,Male,Married,Crew,Engine,,,,Southampton,
Scott Frederick William,1884,1915,28,31,Male,Married,Crew,Engine,,,,Southampton,New York City
Scott John,1892,1912,20,20,Male,Single,Crew,Victualling,,,,Southampton,
Scovell Robert,1857,1912,55,55,Male,Married,Crew,Victualling,,,,Southampton,
Sedunary Samuel Francis,1887,1912,25,25,Male,Married,Crew,Victualling,,,,Southampton,
Self Albert Charles Edward,1888,1954,24,65,Male,Single,Crew,Engine,,,,Southampton,New York City
Self Alfred Henry,1872,1912,39,39,Male,Married,Crew,Engine,,,,Southampton,
Senior Harry,1881,1937,31,56,Male,Single,Crew,Engine,,,,Southampton,New York City
Sesia Giacomo,1888,1912,24,24,Male,Single,Crew,A la Carte,,,,Southampton,
Seward Wilfred Deable,1887,1963,25,76,Male,Single,Crew,Victualling,,,,Southampton,New York City
Shannon David McKay,1879,1961,33,82,Male,Single,Crew,Engine,,,,Belfast,Southampton
Shaw Andrew,1875,,37,,Male,,Crew,Engine,,,,Belfast,Southampton
Shaw Henry,1870,1912,41,41,Male,Single,Crew,Victualling,,,,Southampton,
Shea John Joseph,1872,1912,39,39,Male,Married,Crew,Victualling,,,,Belfast,
Shea Thomas,1880,1912,32,32,Male,Single,Crew,Engine,,,,Southampton,
Sheath Frederick,1892,1934,20,42,Male,,Crew,Engine,,,,Southampton,New York City
Shepherd Jonathan,1880,1912,32,32,Male,Single,Crew,Engine,,,,Southampton,
Shiers Alfred Charles,1886,1946,25,59,Male,Single,Crew,Engine,,,,Southampton,New York City
Shillabeer Charles Frederick,1892,1912,19,19,Male,Single,Crew,Engine,,,,Southampton,
Shulver Christopher Arthur,1883,1922,28,39,Male,,Crew,Engine,,,,Southampton,New York City
Siebert Sidney Conrad,1882,1912,29,29,Male,Married,Crew,Victualling,,,,Belfast,
Simmons Andrew George James,1880,1948,31,67,Male,Single,Crew,Victualling,,,,Southampton,New York City
Simmons Frederick Charles,1887,1912,24,24,Male,Married,Crew,Victualling,,,,Southampton,
Simmons William Simon Catcott,1875,1912,37,37,Male,Married,Crew,Victualling,,,,Southampton,
Simms William,1874,,38,,Male,,Crew,Engine,,,,Belfast,Southampton
Simpson John Edward,1875,1912,37,37,Male,Married,Crew,Deck,,,,Southampton,
Sivier William,1888,1912,23,23,Male,Single,Crew,Victualling,,,,Southampton,
Skeates William,1889,1912,23,23,Male,Married,Crew,Engine,,,,Southampton,
Skinner Edward,1871,1912,41,41,Male,Single,Crew,Victualling,,,,Belfast,
Slight Harry John,1878,1912,33,33,Male,Married,Crew,Victualling,,,,Southampton,
Slight William Henry James,1875,1912,36,36,Male,Widowed,Crew,Victualling,,,,Belfast,
Sloan Mary Jane,1866,1953,45,86,Female,Single,Crew,Victualling,,,,Southampton,New York City
Sloan Peter,1881,1912,31,31,Male,Married,Crew,Engine,,,,Belfast,
Sloan Thomas,,,,,Male,,Crew,Deck,,,,Belfast,Southampton
Slocombe Maude Louise,1881,1967,30,85,Female,Married,Crew,Victualling,,,,Southampton,New York City
Small William McMillan,1870,1912,42,42,Male,Married,Crew,Engine,,,,Southampton,
Smillie John Downing,1883,1912,28,28,Male,Single,Crew,Victualling,,,,Belfast,
Smith Charles Edwin,1872,1912,38,38,Male,Married,Crew,Victualling,,,,Southampton,
Smith Charles Henry James,1867,1912,45,45,Male,Married,Crew,Victualling,,,,Southampton,
Smith Ernest George,1885,1912,27,27,Male,Single,Crew,Engine,,,,Southampton,
Smith James Muil,1873,1912,39,39,Male,Married,Crew,Engine,,,,Belfast,
Smith James William,1887,1912,24,24,Male,Single,Crew,Victualling,,,,Southampton,
Smith Joseph,1887,,25,,Male,,Crew,Engine,,,,Belfast,Southampton
Smith Kate Elizabeth,1866,1947,45,80,Female,Single,Crew,Victualling,,,,Southampton,New York City
Smith Reginald George,1879,1912,33,33,Male,Single,Crew,Victualling,,,,Southampton,
Smith Walter,1868,1932,44,64,Male,Single,Crew,Deck,,,,Belfast,Southampton
Smith William,1886,1912,26,26,Male,Single,Crew,Deck,,,,Southampton,
Smither Harry James,1889,1912,22,22,Male,Married,Crew,Engine,,,,Southampton,
Smyth John Patrick,1877,,35,,Male,Married,Crew,Engine,,,,Belfast,Southampton
Snape Lucy Violet,1890,1912,22,22,Female,Widowed,Crew,Victualling,,,,Southampton,
Snellgrove George,1871,1912,41,41,Male,Married,Crew,Engine,,,,Southampton,
Snook William Henry,1886,1912,25,25,Male,Single,Crew,Engine,,,,Southampton,
Snow Eustace Philip,1890,1966,21,75,Male,Single,Crew,Engine,,,,Southampton,New York City
Sparkman Henry William,1876,1947,36,71,Male,Married,Crew,Engine,,,,Southampton,New York City
Stagg John Henry,1873,1912,38,38,Male,Married,Crew,Victualling,,,,Southampton,
Stanbrook  Augustus George,1881,1912,31,31,Male,Single,Crew,Engine,,,,Southampton,
Stap Sarah Agnes,1864,1937,47,72,Female,Single,Crew,Victualling,,,,Southampton,New York City
Starkey Henry,1864,1939,48,75,Male,,Crew,Deck,,,,Belfast,Southampton
Stebbings Sydney Frederick,1876,1912,36,36,Male,Married,Crew,Victualling,,,,Belfast,
Stevenson Andrew,1884,,28,,Male,,Crew,Engine,,,,Belfast,Southampton
Stevenson James,1866,1919,46,52,Male,Married,Crew,Engine,,,,Belfast,Southampton
Stevenson John,1863,,49,,Male,,Crew,Engine,,,,Belfast,Southampton
Stewart John,1883,1946,28,62,Male,Married,Crew,Victualling,,,,Belfast,New York City
Stewart John Francis Croker,1881,1963,30,81,Male,Married,Crew,Engine,,,,Belfast,Southampton
Stewart Matthew,1887,,25,,Male,,Crew,Engine,,,,Belfast,Southampton
Stocker Henry Dorey,1892,1912,20,20,Male,Single,Crew,Engine,,,,Southampton,
Stone Edmund,1879,1912,33,33,Male,Married,Crew,Victualling,,,,Southampton,
Stone Edward Thomas,1882,1912,29,29,Male,Married,Crew,Victualling,,,,Southampton,
Strange Samuel,1872,1916,40,44,Male,Married,Crew,Engine,,,,Belfast,Southampton
Street Thomas Albert,1887,1964,25,76,Male,Single,Crew,Engine,,,,Southampton,New York City
Stroud Edward Alfred Orlando,1893,1912,19,19,Male,Single,Crew,Victualling,,,,Southampton,
Stroud Harry John,1876,1912,35,35,Male,Single,Crew,Victualling,,,,Southampton,
Strugnell John Herbert,1878,1912,34,34,Male,Single,Crew,Victualling,,,,Belfast,
Stubbings Harry Robert,1881,1912,31,31,Male,Single,Crew,Victualling,,,,Belfast,
Stubbs James Henry,1884,1912,28,28,Male,Single,Crew,Engine,,,,Southampton,
Swan William,1864,1912,48,48,Male,Married,Crew,Victualling,,,,Belfast,
Swarbrick Joseph,1892,1944,20,52,Male,Single,Crew,Engine,,,,Belfast,Southampton
Swarbrick William John,1888,1968,23,79,Male,,Crew,Engine,,,,Belfast,Southampton
Symonds John Crane,1867,1912,44,44,Male,Single,Crew,Victualling,,,,Belfast,
Symons George Thomas Macdonald,1888,1950,24,62,Male,,Crew,Deck,,,,Southampton,New York City
Taggart William,1887,,24,,Male,Married,Crew,Engine,,,,Belfast,Southampton
Talbot George Frederick Charles,1891,1912,20,20,Male,Single,Crew,Victualling,,,,Southampton,
Tamlyn Frederick,1888,1912,23,23,Male,Single,Crew,Deck,,,,Southampton,
Taylor Bernard Cuthbert,1889,1912,22,22,Male,Single,Crew,Victualling,,,,Southampton,
Taylor Charles William Frederick,1871,1912,40,40,Male,Married,Crew,Deck,,,,Southampton,
Taylor George,1888,1931,23,43,Male,Married,Crew,Engine,,,,Southampton,New York City
Taylor J.,1870,1912,42,42,Male,Married,Crew,Engine,,,,Southampton,
Taylor John Henry,1862,1912,49,49,Male,Married,Crew,Engine,,,,Southampton,
Taylor Leonard,1893,1912,19,19,Male,,Crew,Victualling,,,,Southampton,
Taylor William Henry,1883,1914,28,30,Male,Married,Crew,Engine,,,,Southampton,New York City
Taylor William John,1881,1912,31,31,Male,Married,Crew,Victualling,,,,Southampton,
Terrell Bertram,1893,1912,19,19,Male,Single,Crew,Deck,,,,Southampton,
Terrill Frank,1884,,27,,Male,,Crew,Victualling,,,,Southampton,New York City
Testoni Ercole,1888,1912,23,23,Male,Single,Crew,A la Carte,,,,Southampton,
Teuton Thomas Moore,1877,1912,35,35,Male,Married,Crew,Victualling,,,,Southampton,
Thaler Montague Donald,1894,1912,17,17,Male,Single,Crew,Victualling,,,,Southampton,
Theissinger Alfred,1865,1949,46,83,Male,,Crew,Victualling,,,,Southampton,New York City
Thomas Albert Charles,1889,1973,23,84,Male,Single,Crew,Victualling,,,,Southampton,New York City
Thomas Benjamin James,1881,1937,30,55,Male,Married,Crew,Victualling,,,,Belfast,New York City
Thomas John,1887,,25,,Male,,Crew,Deck,,,,Belfast,Southampton
Thomas Joseph Wakefield,1888,1912,23,23,Male,Married,Crew,Engine,,,,Southampton,
Thomas William,1861,,51,,Male,Married,Crew,Deck,,,,Belfast,Southampton
Thompson Herbert Henry,1887,1912,25,25,Male,Married,Crew,Victualling,,,,Belfast,
Thompson John William,1871,,41,,Male,,Crew,Engine,,,,Southampton,New York City
Thorley William Gordon,1871,1912,41,41,Male,Single,Crew,Victualling,,,,Southampton,
Thorn Harry,1886,1912,25,25,Male,Married,Crew,Victualling,,,,Southampton,
Threlfall Thomas,1867,1934,44,66,Male,Married,Crew,Engine,,,,Southampton,New York City
Thresher George Terrill,1886,1939,25,53,Male,Single,Crew,Engine,,,,Southampton,New York City
Tietz Carlo/Karl,1885,1912,27,27,Male,,Crew,A la Carte,,,,Southampton,
Tinsley Thomas,1864,,47,,Male,Married,Crew,Engine,,,,Belfast,Southampton
Tizard Arthur Leopold,1881,1912,31,31,Male,Married,Crew,Engine,,,,Southampton,
Toms Fred,1882,1937,29,54,Male,,Crew,Victualling,,,,Belfast,New York City
Topp Thomas,1884,1912,27,27,Male,Married,Crew,Victualling,,,,Southampton,
Toshack James Adamson,1881,1912,30,30,Male,Married,Crew,Victualling,,,,Southampton,
Tozer James,1880,1912,32,32,Male,Single,Crew,Engine,,,,Southampton,
Triggs Robert,1871,1931,41,60,Male,,Crew,Engine,,,,Southampton,New York City
Turley Richard,1875,1912,37,37,Male,Married,Crew,Engine,,,,Belfast,
Turner George Frederick,1870,1912,42,42,Male,Married,Crew,Victualling,,,,Southampton,
Turner Leopold Olerenshaw,1884,1912,28,28,Male,Single,Crew,Victualling,,,,Belfast,
Turvey Charles Thomas,1895,1912,17,17,Male,Single,Crew,A la Carte,,,,Southampton,
Urbini Roberto,1891,1912,20,20,Male,Single,Crew,A la Carte,,,,Southampton,
Valler Arthur,1885,,26,,Male,,Crew,Engine,,,,Belfast,Southampton
Valvassori Ettore Luigi,1876,1912,35,35,Male,Married,Crew,A la Carte,,,,Southampton,
van der Brugge Wessel Adrianus,1873,1912,38,38,Male,Single,Crew,Engine,,,,Southampton,
Veal Arthur,1876,1912,36,36,Male,Married,Crew,Engine,,,,Southampton,
Veal Thomas Henry Edom,1874,1912,38,38,Male,Married,Crew,Victualling,,,,Southampton,
Vear Henry,1879,1912,33,33,Male,Widowed,Crew,Engine,,,,Southampton,
Vear William,1878,1912,34,34,Male,Single,Crew,Engine,,,,Southampton,
Vicat Alphonse Jean Eugene,1890,1912,21,21,Male,,Crew,A la Carte,,,,Southampton,
Vigott Philip Francis,1879,1941,32,61,Male,Single,Crew,Deck,,,,Southampton,New York City
Villvarlange Pierre Léon Gabriel,1893,1912,19,19,Male,Single,Crew,A la Carte,,,,Southampton,
Vine Herbert Thomas Gordon,1894,1912,17,17,Male,Single,Crew,A la Carte,,,,Southampton,
Vioni Roberto,1886,1912,25,25,Male,Married,Crew,A la Carte,,,,Southampton,
Vögelin-Dubach Johannes,1876,1912,35,35,Male,Married,Crew,A la Carte,,,,Southampton,
Wake Percy,1874,1912,37,37,Male,Married,Crew,Victualling,,,,Southampton,
Walker Robert,1869,,43,,Male,,Crew,Engine,,,,Belfast,Southampton
Wallace Robert,1886,,25,,Male,Married,Crew,Engine,,,,Belfast,Southampton
Wallis Catherine Jane,1876,1912,36,36,Female,Widowed,Crew,Victualling,,,,Southampton,
Walls James,1879,1943,32,63,Male,Married,Crew,Engine,,,,Belfast,Southampton
Walpole James,1864,1912,48,48,Male,Single,Crew,Victualling,,,,Belfast,
Walsh Kate,1869,1912,42,42,Female,Married,Crew,Victualling,,,,Southampton,
Ward Arthur,1888,1912,23,23,Male,,Crew,Engine,,,,Belfast,
Ward Edward Bryon,1878,1912,34,34,Male,Single,Crew,Victualling,,,,Belfast,
Ward James William,1881,1912,31,31,Male,Single,Crew,Engine,,,,Southampton,
Ward Percy Thomas,1872,1912,40,40,Male,Married,Crew,Victualling,,,,Belfast,
Ward William,1874,1941,37,66,Male,Married,Crew,Victualling,,,,Southampton,New York City
Ward William John,1887,,25,,Male,Married,Crew,Engine,,,,Belfast,Southampton
Wardner Fred Albert,1872,1912,40,40,Male,Married,Crew,Engine,,,,Southampton,
Wareham Robert Arthur,1874,1912,37,37,Male,Married,Crew,Victualling,,,,Belfast,
Warwick Tom,1886,1912,25,25,Male,Married,Crew,Victualling,,,,Southampton,
Wateridge Edward Lewis,1886,1912,26,26,Male,Single,Crew,Engine,,,,Southampton,
Watson William,1885,1912,27,27,Male,Single,Crew,Engine,,,,Southampton,
Watson William Albert,1897,1912,14,14,Male,,Crew,Victualling,,,,Southampton,
Waugh James,1885,,26,,Male,,Crew,Engine,,,,Belfast,Southampton
Weatherston Thomas Herbert,1887,1912,25,25,Male,Single,Crew,Victualling,,,,Belfast,
Webb Brook Holden,1862,1912,50,50,Male,Married,Crew,Victualling,,,,Belfast,
Webb Samuel Francis,1883,1912,28,28,Male,Single,Crew,Engine,,,,Southampton,
Webber Francis Albert,1881,1912,30,30,Male,Single,Crew,Engine,,,,Southampton,
Weikman Augustus Henry,1860,1924,52,64,Male,Married,Crew,Victualling,,,,Southampton,New York City
Welch William Harold,1890,1912,21,21,Male,Single,Crew,Victualling,,,,Southampton,
Weller William Clifford,1881,1954,30,72,Male,Married,Crew,Deck,,,,Belfast,New York City
Welsh Patrick,1862,,50,,Male,,Crew,Engine,,,,Belfast,Southampton
Wheat Joseph Thomas,1882,1961,30,79,Male,Married,Crew,Victualling,,,,Belfast,New York City
Wheelton Edenser Edward,1884,1949,28,65,Male,,Crew,Victualling,,,,Belfast,New York City
Whinnery Hugh,1869,1942,42,73,Male,Married,Crew,Engine,,,,Belfast,Southampton
White Albert,1895,1912,17,17,Male,,Crew,Engine,,,,Southampton,
White Alfred,1880,1922,32,41,Male,Married,Crew,Engine,,,,Southampton,New York City
White Arthur,1875,1912,37,37,Male,Married,Crew,Victualling,,,,Southampton,
White Edward Joseph,1884,1912,27,27,Male,Married,Crew,Victualling,,,,Southampton,
White Frank Leonard,1884,1912,27,27,Male,Single,Crew,Engine,,,,Southampton,
White Leonard Lisle Oliver,1880,1912,32,32,Male,Married,Crew,Victualling,,,,Belfast,
White William George,1888,1927,23,38,Male,Single,Crew,Engine,,,,Southampton,New York City
Whiteley Thomas Arthur,1894,1944,18,50,Male,Single,Crew,Victualling,,,,Southampton,New York City
Whitford Alfred Henry,1872,1912,39,39,Male,Married,Crew,Victualling,,,,Southampton,
Widgery Isaac George,1875,1942,37,67,Male,Single,Crew,Victualling,,,,Southampton,New York City
Williams Arthur John,1870,1912,42,42,Male,Married,Crew,Victualling,,,,Southampton,
Williams Samuel Solomon,1884,1912,28,28,Male,Single,Crew,Engine,,,,Southampton,
Williams Walter John,1883,1971,28,87,Male,Married,Crew,Victualling,,,,Southampton,New York City
Willis William,1853,1912,59,59,Male,Married,Crew,Victualling,,,,Southampton,
Willsher William Aubrey,1878,1912,33,33,Male,Married,Crew,Victualling,,,,Southampton,
Wilson Bertie,1884,1912,27,27,Male,Married,Crew,Engine,,,,Belfast,
Wilton William Edward,1858,1912,53,53,Male,Married,Crew,Engine,,,,Southampton,
Winser Rowland,1876,1912,35,35,Male,Married,Crew,Victualling,,,,Southampton,
Witcher Albert Ernest,1873,1912,39,39,Male,Married,Crew,Engine,,,,Southampton,
Witter James William Cheetham,1880,1961,31,81,Male,Married,Crew,Victualling,,,,Southampton,New York City
Wittman Henry,1873,1912,38,38,Male,Married,Crew,Victualling,,,,Southampton,
Witts William Francis,1877,1912,35,35,Male,Single,Crew,Engine,,,,Southampton,
Wood Henry,1881,1912,31,31,Male,Single,Crew,Engine,,,,Southampton,
Wood James Thomas,1863,1912,49,49,Male,Married,Crew,Victualling,,,,Southampton,
Woodford Frederick Ernest,1871,1912,40,40,Male,Married,Crew,Engine,,,,Southampton,
Woodmey Robert,1871,,41,,Male,,Crew,Engine,,,,Belfast,Southampton
Woods Hugh,1881,1963,31,82,Male,Single,Crew,Engine,,,,Belfast,Southampton
Wormald Henry Frederick Charles,1867,1912,45,45,Male,Married,Crew,Victualling,,,,Southampton,
Worthman William Henry,1875,1912,37,37,Male,Married,Crew,Engine,,,,Southampton,
Wrapson Frederick Bernard,1893,1912,18,18,Male,Single,Crew,Victualling,,,,Belfast,
Wright Frederick,1888,1912,24,24,Male,Single,Crew,Victualling,,,,Southampton,
Wright William,1864,1940,47,75,Male,Married,Crew,Victualling,,,,Southampton,New York City
Wyeth James Robert,1886,1912,25,25,Male,Married,Crew,Engine,,,,Southampton,
Wynn William,1870,1945,41,74,Male,Married,Crew,Deck,,,,Belfast,New York City
Yearsley Harry,1871,1939,40,67,Male,Married,Crew,Victualling,,,,Southampton,New York City
Young Francis James,1879,1912,32,32,Male,Married,Crew,Engine,,,,Southampton,
Zanetti Minio,1892,1912,20,20,Male,Single,Crew,A la Carte,,,,Southampton,
Zarracchi L.,1886,1912,26,26,Male,Single,Crew,A la Carte,,,,Southampton,
